phase,item_id,domain,direction_or_condition,D_status,E_status,deontic_support_type,epistemic_support_type,temporal_orientation,order_pair_id,order_1,order_2,context_order_1,context_order_2,functional_auxiliary_target,lexical_adjective_target,whole_scenario_may_target,whole_scenario_possible_target,context_only_deontic_question,context_only_epistemic_question,whole_scenario_deontic_reading,whole_scenario_epistemic_reading,context_only_deontic_response_options,context_only_epistemic_response_options,whole_scenario_response_options,expected_context_D,expected_context_E,expected_test_response_or_interpretation,notes,training_flavor,syntax,expected_whole_scenario_deontic_interpretation,expected_whole_scenario_epistemic_interpretation
Training,T1,Museum entrance,,D+,E+ (open / not ruled out),explicit permission/eligibility information,no explicit epistemic evidence; the target event is simply not ruled out,future eventive,TR,N-D,D-N,Lina is visiting a history museum tomorrow for a class project. Lina has a green visitor badge that is valid at both the main entrance and the side entrance.,Lina has a green visitor badge that is valid at both the main entrance and the side entrance. Lina is visiting a history museum tomorrow for a class project.,Lina dax use the side entrance tomorrow.,It is mip for Lina to use the side entrance tomorrow.,Lina may use the side entrance tomorrow.,It is possible for Lina to use the side entrance tomorrow.,"According to the rules or permissions described in the story, is Lina permitted to use the side entrance tomorrow?","Based on the information described in the story, is it possible that Lina will use the side entrance tomorrow?","Definitely about whether Lina is permitted to use the side entrance tomorrow, according to the rules or permissions","Definitely about whether Lina will use the side entrance tomorrow, based on the available information",Yes | No | The story does not say,Yes | No,1–7 scale between the deontic and epistemic reading endpoints; 4 = Both interpretations fit equally well | Separate option: Neither interpretation fits,D+,E+ (open / not ruled out),,"Positive-only training candidate. Context-only and whole-scenario norming should use exactly the same context order. For inversion items, specifically norm whether the familiar-English modal question introduces an unwanted permission bias. Candidate syntax pool is balanced across Declarative, Wh-question, and Yes/no inversion. Norming practice/example trials should remain declarative so they teach the semantic judgment without demonstrating a preferred question construction. In the experiment UI, bold the phrase 'information' in epistemic questions and 'rules or permissions' in deontic questions; the CSV keeps plain text for portability.",Root/deontic,Declarative,Expected root/deontic interpretation,Expected non-epistemic interpretation
Training,T1,Museum entrance,,D unspecified,E+ (explicit uncertainty / live alternatives),no relevant permission rule stated,the story explicitly presents the target as one of multiple live possibilities,past perfect / present progressive or stative,TE,N-E,E-N,"Lina visited a history museum this morning for a class project. Lina's classmate knows she entered through either the main entrance or the side entrance, but did not see which one.","Lina's classmate knows she entered through either the main entrance or the side entrance, but did not see which one. Lina visited a history museum this morning for a class project.",Lina dax have used the side entrance.,It is mip for Lina to have used the side entrance.,Lina may have used the side entrance.,It is possible for Lina to have used the side entrance.,"According to the rules or permissions described in the story, was Lina permitted to use the side entrance?","Based on the information described in the story, is it possible that Lina used the side entrance?","Definitely about whether Lina was permitted to use the side entrance, according to the rules or permissions","Definitely about whether Lina used the side entrance, based on the available information",Yes | No | The story does not say,Yes | No,1–7 scale between the deontic and epistemic reading endpoints; 4 = Both interpretations fit equally well | Separate option: Neither interpretation fits,D should be 'The story does not say',E+,,"Positive-only training candidate. Context-only and whole-scenario norming should use exactly the same context order. For inversion items, specifically norm whether the familiar-English modal question is compatible with an epistemic reading. Candidate syntax pool is balanced across Declarative, Wh-question, and Yes/no inversion. Norming practice/example trials should remain declarative so they teach the semantic judgment without demonstrating a preferred question construction. In the experiment UI, bold the phrase 'information' in epistemic questions and 'rules or permissions' in deontic questions; the CSV keeps plain text for portability.",Epistemic,Declarative,Expected non-deontic interpretation,Expected epistemic interpretation
Training,T2,Library rooms,,D+,E+ (open / not ruled out),explicit permission/eligibility information,no explicit epistemic evidence; the target event is simply not ruled out,future eventive,TR,N-D,D-N,Priya is doing research at the library tomorrow. Priya's researcher card lists both the reading room and the map room.,Priya's researcher card lists both the reading room and the map room. Priya is doing research at the library tomorrow.,Which room dax Priya work in tomorrow?,Which room is it mip for Priya to work in tomorrow?,Which room may Priya work in tomorrow?,Which room is it possible for Priya to work in tomorrow?,"According to the rules or permissions described in the story, is Priya permitted to work in the map room tomorrow?","Based on the information described in the story, is it possible that Priya will work in the map room tomorrow?","Definitely about which room Priya is permitted to work in tomorrow, according to the rules or permissions","Definitely about which room Priya will work in tomorrow, based on the available information",Yes | No | The story does not say,Yes | No,1–7 scale between the deontic and epistemic reading endpoints; 4 = Both interpretations fit equally well | Separate option: Neither interpretation fits,D+,E+ (open / not ruled out),,"Positive-only training candidate. Context-only and whole-scenario norming should use exactly the same context order. For inversion items, specifically norm whether the familiar-English modal question introduces an unwanted permission bias. Candidate syntax pool is balanced across Declarative, Wh-question, and Yes/no inversion. Norming practice/example trials should remain declarative so they teach the semantic judgment without demonstrating a preferred question construction. In the experiment UI, bold the phrase 'information' in epistemic questions and 'rules or permissions' in deontic questions; the CSV keeps plain text for portability.",Root/deontic,Wh-question,Expected root/deontic interpretation,Expected non-epistemic interpretation
Training,T2,Library rooms,,D unspecified,E+ (explicit uncertainty / live alternatives),no relevant permission rule stated,the story explicitly presents the target as one of multiple live possibilities,past perfect / present progressive or stative,TE,N-E,E-N,Priya is doing research at the library right now. Priya's classmate knows she is in either the reading room or the map room but has not found her yet.,Priya's classmate knows she is in either the reading room or the map room but has not found her yet. Priya is doing research at the library right now.,Which room dax Priya be working in now?,Which room is it mip for Priya to be working in now?,Which room may Priya be working in now?,Which room is it possible for Priya to be working in now?,"According to the rules or permissions described in the story, is Priya permitted to work in the map room?","Based on the information described in the story, is it possible that Priya is working in the map room now?","Definitely about which room Priya is permitted to work in now, according to the rules or permissions","Definitely about which room Priya is working in now, based on the available information",Yes | No | The story does not say,Yes | No,1–7 scale between the deontic and epistemic reading endpoints; 4 = Both interpretations fit equally well | Separate option: Neither interpretation fits,D should be 'The story does not say',E+,,"Positive-only training candidate. Context-only and whole-scenario norming should use exactly the same context order. For inversion items, specifically norm whether the familiar-English modal question is compatible with an epistemic reading. Candidate syntax pool is balanced across Declarative, Wh-question, and Yes/no inversion. Norming practice/example trials should remain declarative so they teach the semantic judgment without demonstrating a preferred question construction. In the experiment UI, bold the phrase 'information' in epistemic questions and 'rules or permissions' in deontic questions; the CSV keeps plain text for portability.",Epistemic,Wh-question,Expected non-deontic interpretation,Expected epistemic interpretation
Training,T3,Community center,,D+,E+ (open / not ruled out),explicit permission/eligibility information,no explicit epistemic evidence; the target event is simply not ruled out,future eventive,TR,N-D,D-N,Nora is going to the community center this afternoon. Nora's membership includes both the swimming pool and the climbing area.,Nora's membership includes both the swimming pool and the climbing area. Nora is going to the community center this afternoon.,Nora dax use the pool this afternoon.,It is mip for Nora to use the pool this afternoon.,Nora may use the pool this afternoon.,It is possible for Nora to use the pool this afternoon.,"According to the rules or permissions described in the story, is Nora permitted to use the pool this afternoon?","Based on the information described in the story, is it possible that Nora will use the pool this afternoon?","Definitely about whether Nora is permitted to use the pool this afternoon, according to the rules or permissions","Definitely about whether Nora will use the pool this afternoon, based on the available information",Yes | No | The story does not say,Yes | No,1–7 scale between the deontic and epistemic reading endpoints; 4 = Both interpretations fit equally well | Separate option: Neither interpretation fits,D+,E+ (open / not ruled out),,"Positive-only training candidate. Context-only and whole-scenario norming should use exactly the same context order. For inversion items, specifically norm whether the familiar-English modal question introduces an unwanted permission bias. Candidate syntax pool is balanced across Declarative, Wh-question, and Yes/no inversion. Norming practice/example trials should remain declarative so they teach the semantic judgment without demonstrating a preferred question construction. In the experiment UI, bold the phrase 'information' in epistemic questions and 'rules or permissions' in deontic questions; the CSV keeps plain text for portability.",Root/deontic,Declarative,Expected root/deontic interpretation,Expected non-epistemic interpretation
Training,T3,Community center,,D unspecified,E+ (explicit uncertainty / live alternatives),no relevant permission rule stated,the story explicitly presents the target as one of multiple live possibilities,past perfect / present progressive or stative,TE,N-E,E-N,"Nora is at the community center right now. The front desk knows Nora chose either swimming or climbing, but her activity was not recorded.","The front desk knows Nora chose either swimming or climbing, but her activity was not recorded. Nora is at the community center right now.",Nora dax be swimming now.,It is mip for Nora to be swimming now.,Nora may be swimming now.,It is possible for Nora to be swimming now.,"According to the rules or permissions described in the story, is Nora permitted to swim?","Based on the information described in the story, is it possible that Nora is swimming now?","Definitely about whether Nora is permitted to swim, according to the rules or permissions","Definitely about whether Nora is swimming now, based on the available information",Yes | No | The story does not say,Yes | No,1–7 scale between the deontic and epistemic reading endpoints; 4 = Both interpretations fit equally well | Separate option: Neither interpretation fits,D should be 'The story does not say',E+,,"Positive-only training candidate. Context-only and whole-scenario norming should use exactly the same context order. For inversion items, specifically norm whether the familiar-English modal question is compatible with an epistemic reading. Candidate syntax pool is balanced across Declarative, Wh-question, and Yes/no inversion. Norming practice/example trials should remain declarative so they teach the semantic judgment without demonstrating a preferred question construction. In the experiment UI, bold the phrase 'information' in epistemic questions and 'rules or permissions' in deontic questions; the CSV keeps plain text for portability.",Epistemic,Declarative,Expected non-deontic interpretation,Expected epistemic interpretation
Training,T4,Train,,D+,E+ (open / not ruled out),explicit permission/eligibility information,no explicit epistemic evidence; the target event is simply not ruled out,future eventive,TR,N-D,D-N,Kai is traveling home tomorrow. Kai's flexible ticket is valid on both the 3:15 train and the 4:00 train.,Kai's flexible ticket is valid on both the 3:15 train and the 4:00 train. Kai is traveling home tomorrow.,Which train dax Kai take tomorrow?,Which train is it mip for Kai to take tomorrow?,Which train may Kai take tomorrow?,Which train is it possible for Kai to take tomorrow?,"According to the rules or permissions described in the story, is Kai permitted to take the 4:00 train tomorrow?","Based on the information described in the story, is it possible that Kai will take the 4:00 train tomorrow?","Definitely about which train Kai is permitted to take tomorrow, according to the rules or permissions","Definitely about which train Kai will take tomorrow, based on the available information",Yes | No | The story does not say,Yes | No,1–7 scale between the deontic and epistemic reading endpoints; 4 = Both interpretations fit equally well | Separate option: Neither interpretation fits,D+,E+ (open / not ruled out),,"Positive-only training candidate. Context-only and whole-scenario norming should use exactly the same context order. For inversion items, specifically norm whether the familiar-English modal question introduces an unwanted permission bias. Candidate syntax pool is balanced across Declarative, Wh-question, and Yes/no inversion. Norming practice/example trials should remain declarative so they teach the semantic judgment without demonstrating a preferred question construction. In the experiment UI, bold the phrase 'information' in epistemic questions and 'rules or permissions' in deontic questions; the CSV keeps plain text for portability.",Root/deontic,Wh-question,Expected root/deontic interpretation,Expected non-epistemic interpretation
Training,T4,Train,,D unspecified,E+ (explicit uncertainty / live alternatives),no relevant permission rule stated,the story explicitly presents the target as one of multiple live possibilities,past perfect / present progressive or stative,TE,N-E,E-N,Kai traveled home earlier today. Kai's friend knows he took either the 3:15 train or the 4:00 train but has not heard which one.,Kai's friend knows he took either the 3:15 train or the 4:00 train but has not heard which one. Kai traveled home earlier today.,Which train dax Kai have taken?,Which train is it mip for Kai to have taken?,Which train may Kai have taken?,Which train is it possible for Kai to have taken?,"According to the rules or permissions described in the story, was Kai permitted to take the 4:00 train?","Based on the information described in the story, is it possible that Kai took the 4:00 train?","Definitely about which train Kai was permitted to take, according to the rules or permissions","Definitely about which train Kai took, based on the available information",Yes | No | The story does not say,Yes | No,1–7 scale between the deontic and epistemic reading endpoints; 4 = Both interpretations fit equally well | Separate option: Neither interpretation fits,D should be 'The story does not say',E+,,"Positive-only training candidate. Context-only and whole-scenario norming should use exactly the same context order. For inversion items, specifically norm whether the familiar-English modal question is compatible with an epistemic reading. Candidate syntax pool is balanced across Declarative, Wh-question, and Yes/no inversion. Norming practice/example trials should remain declarative so they teach the semantic judgment without demonstrating a preferred question construction. In the experiment UI, bold the phrase 'information' in epistemic questions and 'rules or permissions' in deontic questions; the CSV keeps plain text for portability.",Epistemic,Wh-question,Expected non-deontic interpretation,Expected epistemic interpretation
Training,T5,Parking,,D+,E+ (open / not ruled out),explicit permission/eligibility information,no explicit epistemic evidence; the target event is simply not ruled out,future eventive,TR,N-D,D-N,Omar is driving to a concert tomorrow. Omar's parking sticker covers both the north lot and the west lot.,Omar's parking sticker covers both the north lot and the west lot. Omar is driving to a concert tomorrow.,Dax Omar park in the west lot tomorrow? — Yes.,Is it mip for Omar to park in the west lot tomorrow? — Yes.,May Omar park in the west lot tomorrow? — Yes.,Is it possible for Omar to park in the west lot tomorrow? — Yes.,"According to the rules or permissions described in the story, is Omar permitted to park in the west lot tomorrow?","Based on the information described in the story, is it possible that Omar will park in the west lot tomorrow?","Definitely about whether Omar is permitted to park in the west lot tomorrow, according to the rules or permissions","Definitely about whether Omar will park in the west lot tomorrow, based on the available information",Yes | No | The story does not say,Yes | No,1–7 scale between the deontic and epistemic reading endpoints; 4 = Both interpretations fit equally well | Separate option: Neither interpretation fits,D+,E+ (open / not ruled out),,"Positive-only training candidate. Context-only and whole-scenario norming should use exactly the same context order. For inversion items, specifically norm whether the familiar-English modal question introduces an unwanted permission bias. Candidate syntax pool is balanced across Declarative, Wh-question, and Yes/no inversion. Norming practice/example trials should remain declarative so they teach the semantic judgment without demonstrating a preferred question construction. In the experiment UI, bold the phrase 'information' in epistemic questions and 'rules or permissions' in deontic questions; the CSV keeps plain text for portability.",Root/deontic,Yes/no inversion,Expected root/deontic interpretation,Expected non-epistemic interpretation
Training,T5,Parking,,D unspecified,E+ (explicit uncertainty / live alternatives),no relevant permission rule stated,the story explicitly presents the target as one of multiple live possibilities,past perfect / present progressive or stative,TE,N-E,E-N,"Omar drove to a concert earlier today. Omar's friends know his car is in either the north lot or the west lot, but they have not located it yet.","Omar's friends know his car is in either the north lot or the west lot, but they have not located it yet. Omar drove to a concert earlier today.",Dax Omar be parked in the west lot now? — Yes.,Is it mip for Omar to be parked in the west lot now? — Yes.,May Omar be parked in the west lot now? — Yes.,Is it possible for Omar to be parked in the west lot now? — Yes.,"According to the rules or permissions described in the story, was Omar permitted to park in the west lot?","Based on the information described in the story, is it possible that Omar is parked in the west lot now?","Definitely about whether Omar was permitted to park in the west lot, according to the rules or permissions","Definitely about whether Omar is parked in the west lot now, based on the available information",Yes | No | The story does not say,Yes | No,1–7 scale between the deontic and epistemic reading endpoints; 4 = Both interpretations fit equally well | Separate option: Neither interpretation fits,D should be 'The story does not say',E+,,"Positive-only training candidate. Context-only and whole-scenario norming should use exactly the same context order. For inversion items, specifically norm whether the familiar-English modal question is compatible with an epistemic reading. Candidate syntax pool is balanced across Declarative, Wh-question, and Yes/no inversion. Norming practice/example trials should remain declarative so they teach the semantic judgment without demonstrating a preferred question construction. In the experiment UI, bold the phrase 'information' in epistemic questions and 'rules or permissions' in deontic questions; the CSV keeps plain text for portability.",Epistemic,Yes/no inversion,Expected non-deontic interpretation,Expected epistemic interpretation
Training,T6,Theater,,D+,E+ (open / not ruled out),explicit permission/eligibility information,no explicit epistemic evidence; the target event is simply not ruled out,future eventive,TR,N-D,D-N,Maya is going to a play tonight with her drama club. Maya's silver ticket is accepted in either the main-floor section or the balcony.,Maya's silver ticket is accepted in either the main-floor section or the balcony. Maya is going to a play tonight with her drama club.,Dax Maya sit in the balcony tonight? — Yes.,Is it mip for Maya to sit in the balcony tonight? — Yes.,May Maya sit in the balcony tonight? — Yes.,Is it possible for Maya to sit in the balcony tonight? — Yes.,"According to the rules or permissions described in the story, is Maya permitted to sit in the balcony tonight?","Based on the information described in the story, is it possible that Maya will sit in the balcony tonight?","Definitely about whether Maya is permitted to sit in the balcony tonight, according to the rules or permissions","Definitely about whether Maya will sit in the balcony tonight, based on the available information",Yes | No | The story does not say,Yes | No,1–7 scale between the deontic and epistemic reading endpoints; 4 = Both interpretations fit equally well | Separate option: Neither interpretation fits,D+,E+ (open / not ruled out),,"Positive-only training candidate. Context-only and whole-scenario norming should use exactly the same context order. For inversion items, specifically norm whether the familiar-English modal question introduces an unwanted permission bias. Candidate syntax pool is balanced across Declarative, Wh-question, and Yes/no inversion. Norming practice/example trials should remain declarative so they teach the semantic judgment without demonstrating a preferred question construction. In the experiment UI, bold the phrase 'information' in epistemic questions and 'rules or permissions' in deontic questions; the CSV keeps plain text for portability.",Root/deontic,Yes/no inversion,Expected root/deontic interpretation,Expected non-epistemic interpretation
Training,T6,Theater,,D unspecified,E+ (explicit uncertainty / live alternatives),no relevant permission rule stated,the story explicitly presents the target as one of multiple live possibilities,past perfect / present progressive or stative,TE,N-E,E-N,Maya is watching a play right now with her drama club. Maya's friends know her seat is either on the main floor or in the balcony but cannot see her from where they are sitting.,Maya's friends know her seat is either on the main floor or in the balcony but cannot see her from where they are sitting. Maya is watching a play right now with her drama club.,Dax Maya be sitting in the balcony now? — Yes.,Is it mip for Maya to be sitting in the balcony now? — Yes.,May Maya be sitting in the balcony now? — Yes.,Is it possible for Maya to be sitting in the balcony now? — Yes.,"According to the rules or permissions described in the story, is Maya permitted to sit in the balcony?","Based on the information described in the story, is it possible that Maya is sitting in the balcony now?","Definitely about whether Maya is permitted to sit in the balcony, according to the rules or permissions","Definitely about whether Maya is sitting in the balcony now, based on the available information",Yes | No | The story does not say,Yes | No,1–7 scale between the deontic and epistemic reading endpoints; 4 = Both interpretations fit equally well | Separate option: Neither interpretation fits,D should be 'The story does not say',E+,,"Positive-only training candidate. Context-only and whole-scenario norming should use exactly the same context order. For inversion items, specifically norm whether the familiar-English modal question is compatible with an epistemic reading. Candidate syntax pool is balanced across Declarative, Wh-question, and Yes/no inversion. Norming practice/example trials should remain declarative so they teach the semantic judgment without demonstrating a preferred question construction. In the experiment UI, bold the phrase 'information' in epistemic questions and 'rules or permissions' in deontic questions; the CSV keeps plain text for portability.",Epistemic,Yes/no inversion,Expected non-deontic interpretation,Expected epistemic interpretation
Training,T7,Art studio,,D+,E+ (open / not ruled out),explicit permission/eligibility information,no explicit epistemic evidence; the target event is simply not ruled out,future eventive,TR,N-D,D-N,"Eli is taking an art workshop tomorrow. Eli completed the advanced course last month, which qualifies him to use both the ceramics studio and the print room.","Eli completed the advanced course last month, which qualifies him to use both the ceramics studio and the print room. Eli is taking an art workshop tomorrow.",Eli dax use the print room tomorrow.,It is mip for Eli to use the print room tomorrow.,Eli may use the print room tomorrow.,It is possible for Eli to use the print room tomorrow.,"According to the rules or permissions described in the story, is Eli permitted to use the print room tomorrow?","Based on the information described in the story, is it possible that Eli will use the print room tomorrow?","Definitely about whether Eli is permitted to use the print room tomorrow, according to the rules or permissions","Definitely about whether Eli will use the print room tomorrow, based on the available information",Yes | No | The story does not say,Yes | No,1–7 scale between the deontic and epistemic reading endpoints; 4 = Both interpretations fit equally well | Separate option: Neither interpretation fits,D+,E+ (open / not ruled out),,"Positive-only training candidate. Context-only and whole-scenario norming should use exactly the same context order. For inversion items, specifically norm whether the familiar-English modal question introduces an unwanted permission bias. Candidate syntax pool is balanced across Declarative, Wh-question, and Yes/no inversion. Norming practice/example trials should remain declarative so they teach the semantic judgment without demonstrating a preferred question construction. In the experiment UI, bold the phrase 'information' in epistemic questions and 'rules or permissions' in deontic questions; the CSV keeps plain text for portability.",Root/deontic,Declarative,Expected root/deontic interpretation,Expected non-epistemic interpretation
Training,T7,Art studio,,D unspecified,E+ (explicit uncertainty / live alternatives),no relevant permission rule stated,the story explicitly presents the target as one of multiple live possibilities,past perfect / present progressive or stative,TE,N-E,E-N,Eli attended an art workshop this morning. The instructor knows Eli spent the second half of class either in the ceramics studio or in the print room but does not remember which.,The instructor knows Eli spent the second half of class either in the ceramics studio or in the print room but does not remember which. Eli attended an art workshop this morning.,Eli dax have worked in the print room this morning.,It is mip for Eli to have worked in the print room this morning.,Eli may have worked in the print room this morning.,It is possible for Eli to have worked in the print room this morning.,"According to the rules or permissions described in the story, was Eli permitted to work in the print room?","Based on the information described in the story, is it possible that Eli worked in the print room this morning?","Definitely about whether Eli was permitted to work in the print room, according to the rules or permissions","Definitely about whether Eli worked in the print room this morning, based on the available information",Yes | No | The story does not say,Yes | No,1–7 scale between the deontic and epistemic reading endpoints; 4 = Both interpretations fit equally well | Separate option: Neither interpretation fits,D should be 'The story does not say',E+,,"Positive-only training candidate. Context-only and whole-scenario norming should use exactly the same context order. For inversion items, specifically norm whether the familiar-English modal question is compatible with an epistemic reading. Candidate syntax pool is balanced across Declarative, Wh-question, and Yes/no inversion. Norming practice/example trials should remain declarative so they teach the semantic judgment without demonstrating a preferred question construction. In the experiment UI, bold the phrase 'information' in epistemic questions and 'rules or permissions' in deontic questions; the CSV keeps plain text for portability.",Epistemic,Declarative,Expected non-deontic interpretation,Expected epistemic interpretation
Training,T8,Ferry,,D+,E+ (open / not ruled out),explicit permission/eligibility information,no explicit epistemic evidence; the target event is simply not ruled out,future eventive,TR,N-D,D-N,"Sofia is taking a ferry tomorrow for a family trip. Sofia's ticket is marked “all decks,” including both the lower and upper decks.","Sofia's ticket is marked “all decks,” including both the lower and upper decks. Sofia is taking a ferry tomorrow for a family trip.",Which deck dax Sofia sit on tomorrow?,Which deck is it mip for Sofia to sit on tomorrow?,Which deck may Sofia sit on tomorrow?,Which deck is it possible for Sofia to sit on tomorrow?,"According to the rules or permissions described in the story, is Sofia permitted to sit on the upper deck tomorrow?","Based on the information described in the story, is it possible that Sofia will sit on the upper deck tomorrow?","Definitely about which deck Sofia is permitted to sit on tomorrow, according to the rules or permissions","Definitely about which deck Sofia will sit on tomorrow, based on the available information",Yes | No | The story does not say,Yes | No,1–7 scale between the deontic and epistemic reading endpoints; 4 = Both interpretations fit equally well | Separate option: Neither interpretation fits,D+,E+ (open / not ruled out),,"Positive-only training candidate. Context-only and whole-scenario norming should use exactly the same context order. For inversion items, specifically norm whether the familiar-English modal question introduces an unwanted permission bias. Candidate syntax pool is balanced across Declarative, Wh-question, and Yes/no inversion. Norming practice/example trials should remain declarative so they teach the semantic judgment without demonstrating a preferred question construction. In the experiment UI, bold the phrase 'information' in epistemic questions and 'rules or permissions' in deontic questions; the CSV keeps plain text for portability.",Root/deontic,Wh-question,Expected root/deontic interpretation,Expected non-epistemic interpretation
Training,T8,Ferry,,D unspecified,E+ (explicit uncertainty / live alternatives),no relevant permission rule stated,the story explicitly presents the target as one of multiple live possibilities,past perfect / present progressive or stative,TE,N-E,E-N,"Sofia is on the ferry right now. Sofia's family knows she chose either the lower deck or the upper deck, but they have not found her yet.","Sofia's family knows she chose either the lower deck or the upper deck, but they have not found her yet. Sofia is on the ferry right now.",Which deck dax Sofia be sitting on now?,Which deck is it mip for Sofia to be sitting on now?,Which deck may Sofia be sitting on now?,Which deck is it possible for Sofia to be sitting on now?,"According to the rules or permissions described in the story, is Sofia permitted to sit on the upper deck?","Based on the information described in the story, is it possible that Sofia is sitting on the upper deck now?","Definitely about which deck Sofia is permitted to sit on now, according to the rules or permissions","Definitely about which deck Sofia is sitting on now, based on the available information",Yes | No | The story does not say,Yes | No,1–7 scale between the deontic and epistemic reading endpoints; 4 = Both interpretations fit equally well | Separate option: Neither interpretation fits,D should be 'The story does not say',E+,,"Positive-only training candidate. Context-only and whole-scenario norming should use exactly the same context order. For inversion items, specifically norm whether the familiar-English modal question is compatible with an epistemic reading. Candidate syntax pool is balanced across Declarative, Wh-question, and Yes/no inversion. Norming practice/example trials should remain declarative so they teach the semantic judgment without demonstrating a preferred question construction. In the experiment UI, bold the phrase 'information' in epistemic questions and 'rules or permissions' in deontic questions; the CSV keeps plain text for portability.",Epistemic,Wh-question,Expected non-deontic interpretation,Expected epistemic interpretation
Training,T9,Festival gate,,D+,E+ (open / not ruled out),explicit permission/eligibility information,no explicit epistemic evidence; the target event is simply not ruled out,future eventive,TR,N-D,D-N,Mateo is going to a music festival tonight. Mateo's staff wristband is valid at both the north gate and the south gate.,Mateo's staff wristband is valid at both the north gate and the south gate. Mateo is going to a music festival tonight.,Dax Mateo enter through the south gate tonight? — Yes.,Is it mip for Mateo to enter through the south gate tonight? — Yes.,May Mateo enter through the south gate tonight? — Yes.,Is it possible for Mateo to enter through the south gate tonight? — Yes.,"According to the rules or permissions described in the story, is Mateo permitted to enter through the south gate tonight?","Based on the information described in the story, is it possible that Mateo will enter through the south gate tonight?","Definitely about whether Mateo is permitted to enter through the south gate tonight, according to the rules or permissions","Definitely about whether Mateo will enter through the south gate tonight, based on the available information",Yes | No | The story does not say,Yes | No,1–7 scale between the deontic and epistemic reading endpoints; 4 = Both interpretations fit equally well | Separate option: Neither interpretation fits,D+,E+ (open / not ruled out),,"Positive-only training candidate. Context-only and whole-scenario norming should use exactly the same context order. For inversion items, specifically norm whether the familiar-English modal question introduces an unwanted permission bias. Candidate syntax pool is balanced across Declarative, Wh-question, and Yes/no inversion. Norming practice/example trials should remain declarative so they teach the semantic judgment without demonstrating a preferred question construction. In the experiment UI, bold the phrase 'information' in epistemic questions and 'rules or permissions' in deontic questions; the CSV keeps plain text for portability.",Root/deontic,Yes/no inversion,Expected root/deontic interpretation,Expected non-epistemic interpretation
Training,T9,Festival gate,,D unspecified,E+ (explicit uncertainty / live alternatives),no relevant permission rule stated,the story explicitly presents the target as one of multiple live possibilities,past perfect / present progressive or stative,TE,N-E,E-N,"Mateo arrived at a music festival earlier tonight. Mateo's friends know he entered through either the north gate or the south gate, but no one saw him arrive.","Mateo's friends know he entered through either the north gate or the south gate, but no one saw him arrive. Mateo arrived at a music festival earlier tonight.",Dax Mateo have entered through the south gate? — Yes.,Is it mip for Mateo to have entered through the south gate? — Yes.,May Mateo have entered through the south gate? — Yes.,Is it possible for Mateo to have entered through the south gate? — Yes.,"According to the rules or permissions described in the story, was Mateo permitted to enter through the south gate?","Based on the information described in the story, is it possible that Mateo entered through the south gate?","Definitely about whether Mateo was permitted to enter through the south gate, according to the rules or permissions","Definitely about whether Mateo entered through the south gate, based on the available information",Yes | No | The story does not say,Yes | No,1–7 scale between the deontic and epistemic reading endpoints; 4 = Both interpretations fit equally well | Separate option: Neither interpretation fits,D should be 'The story does not say',E+,,"Positive-only training candidate. Context-only and whole-scenario norming should use exactly the same context order. For inversion items, specifically norm whether the familiar-English modal question is compatible with an epistemic reading. Candidate syntax pool is balanced across Declarative, Wh-question, and Yes/no inversion. Norming practice/example trials should remain declarative so they teach the semantic judgment without demonstrating a preferred question construction. In the experiment UI, bold the phrase 'information' in epistemic questions and 'rules or permissions' in deontic questions; the CSV keeps plain text for portability.",Epistemic,Yes/no inversion,Expected non-deontic interpretation,Expected epistemic interpretation
Training,T10,Workshop equipment,,D+,E+ (open / not ruled out),explicit permission/eligibility information,no explicit epistemic evidence; the target event is simply not ruled out,future eventive,TR,N-D,D-N,Ben is working in a community workshop tomorrow. Ben's safety certificate lists both the power drill and the laser cutter.,Ben's safety certificate lists both the power drill and the laser cutter. Ben is working in a community workshop tomorrow.,Which tool dax Ben use tomorrow?,Which tool is it mip for Ben to use tomorrow?,Which tool may Ben use tomorrow?,Which tool is it possible for Ben to use tomorrow?,"According to the rules or permissions described in the story, is Ben permitted to use the laser cutter tomorrow?","Based on the information described in the story, is it possible that Ben will use the laser cutter tomorrow?","Definitely about which tool Ben is permitted to use tomorrow, according to the rules or permissions","Definitely about which tool Ben will use tomorrow, based on the available information",Yes | No | The story does not say,Yes | No,1–7 scale between the deontic and epistemic reading endpoints; 4 = Both interpretations fit equally well | Separate option: Neither interpretation fits,D+,E+ (open / not ruled out),,"Positive-only training candidate. Context-only and whole-scenario norming should use exactly the same context order. For inversion items, specifically norm whether the familiar-English modal question introduces an unwanted permission bias. Candidate syntax pool is balanced across Declarative, Wh-question, and Yes/no inversion. Norming practice/example trials should remain declarative so they teach the semantic judgment without demonstrating a preferred question construction. In the experiment UI, bold the phrase 'information' in epistemic questions and 'rules or permissions' in deontic questions; the CSV keeps plain text for portability.",Root/deontic,Wh-question,Expected root/deontic interpretation,Expected non-epistemic interpretation
Training,T10,Workshop equipment,,D unspecified,E+ (explicit uncertainty / live alternatives),no relevant permission rule stated,the story explicitly presents the target as one of multiple live possibilities,past perfect / present progressive or stative,TE,N-E,E-N,Ben is working in a community workshop right now. Ben's coworker knows his project uses either the power drill or the laser cutter but cannot see which machine he chose.,Ben's coworker knows his project uses either the power drill or the laser cutter but cannot see which machine he chose. Ben is working in a community workshop right now.,Which tool dax Ben be using now?,Which tool is it mip for Ben to be using now?,Which tool may Ben be using now?,Which tool is it possible for Ben to be using now?,"According to the rules or permissions described in the story, is Ben permitted to use the laser cutter?","Based on the information described in the story, is it possible that Ben is using the laser cutter now?","Definitely about which tool Ben is permitted to use now, according to the rules or permissions","Definitely about which tool Ben is using now, based on the available information",Yes | No | The story does not say,Yes | No,1–7 scale between the deontic and epistemic reading endpoints; 4 = Both interpretations fit equally well | Separate option: Neither interpretation fits,D should be 'The story does not say',E+,,"Positive-only training candidate. Context-only and whole-scenario norming should use exactly the same context order. For inversion items, specifically norm whether the familiar-English modal question is compatible with an epistemic reading. Candidate syntax pool is balanced across Declarative, Wh-question, and Yes/no inversion. Norming practice/example trials should remain declarative so they teach the semantic judgment without demonstrating a preferred question construction. In the experiment UI, bold the phrase 'information' in epistemic questions and 'rules or permissions' in deontic questions; the CSV keeps plain text for portability.",Epistemic,Wh-question,Expected non-deontic interpretation,Expected epistemic interpretation
Training,T11,Community kitchen,,D+,E+ (open / not ruled out),explicit permission/eligibility information,no explicit epistemic evidence; the target event is simply not ruled out,future eventive,TR,N-D,D-N,"Nina is volunteering at a community center tomorrow. Nina completed the food-safety course, which qualifies volunteers to work at both the preparation and cooking stations.","Nina completed the food-safety course, which qualifies volunteers to work at both the preparation and cooking stations. Nina is volunteering at a community center tomorrow.",Dax Nina work at the cooking station tomorrow? — Yes.,Is it mip for Nina to work at the cooking station tomorrow? — Yes.,May Nina work at the cooking station tomorrow? — Yes.,Is it possible for Nina to work at the cooking station tomorrow? — Yes.,"According to the rules or permissions described in the story, is Nina permitted to work at the cooking station tomorrow?","Based on the information described in the story, is it possible that Nina will work at the cooking station tomorrow?","Definitely about whether Nina is permitted to work at the cooking station tomorrow, according to the rules or permissions","Definitely about whether Nina will work at the cooking station tomorrow, based on the available information",Yes | No | The story does not say,Yes | No,1–7 scale between the deontic and epistemic reading endpoints; 4 = Both interpretations fit equally well | Separate option: Neither interpretation fits,D+,E+ (open / not ruled out),,"Positive-only training candidate. Context-only and whole-scenario norming should use exactly the same context order. For inversion items, specifically norm whether the familiar-English modal question introduces an unwanted permission bias. Candidate syntax pool is balanced across Declarative, Wh-question, and Yes/no inversion. Norming practice/example trials should remain declarative so they teach the semantic judgment without demonstrating a preferred question construction. In the experiment UI, bold the phrase 'information' in epistemic questions and 'rules or permissions' in deontic questions; the CSV keeps plain text for portability.",Root/deontic,Yes/no inversion,Expected root/deontic interpretation,Expected non-epistemic interpretation
Training,T11,Community kitchen,,D unspecified,E+ (explicit uncertainty / live alternatives),no relevant permission rule stated,the story explicitly presents the target as one of multiple live possibilities,past perfect / present progressive or stative,TE,N-E,E-N,Nina is volunteering at the community center right now. Nina's coordinator knows she was assigned either to food preparation or to cooking but has not checked which station she is at.,Nina's coordinator knows she was assigned either to food preparation or to cooking but has not checked which station she is at. Nina is volunteering at the community center right now.,Dax Nina be working at the cooking station now? — Yes.,Is it mip for Nina to be working at the cooking station now? — Yes.,May Nina be working at the cooking station now? — Yes.,Is it possible for Nina to be working at the cooking station now? — Yes.,"According to the rules or permissions described in the story, is Nina permitted to work at the cooking station?","Based on the information described in the story, is it possible that Nina is working at the cooking station now?","Definitely about whether Nina is permitted to work at the cooking station, according to the rules or permissions","Definitely about whether Nina is working at the cooking station now, based on the available information",Yes | No | The story does not say,Yes | No,1–7 scale between the deontic and epistemic reading endpoints; 4 = Both interpretations fit equally well | Separate option: Neither interpretation fits,D should be 'The story does not say',E+,,"Positive-only training candidate. Context-only and whole-scenario norming should use exactly the same context order. For inversion items, specifically norm whether the familiar-English modal question is compatible with an epistemic reading. Candidate syntax pool is balanced across Declarative, Wh-question, and Yes/no inversion. Norming practice/example trials should remain declarative so they teach the semantic judgment without demonstrating a preferred question construction. In the experiment UI, bold the phrase 'information' in epistemic questions and 'rules or permissions' in deontic questions; the CSV keeps plain text for portability.",Epistemic,Yes/no inversion,Expected non-deontic interpretation,Expected epistemic interpretation
Training,T12,College lab,,D+,E+ (open / not ruled out),explicit permission/eligibility information,no explicit epistemic evidence; the target event is simply not ruled out,future eventive,TR,N-D,D-N,Daniel is doing an experiment tomorrow. Daniel's new safety qualification covers both Lab A and Lab B.,Daniel's new safety qualification covers both Lab A and Lab B. Daniel is doing an experiment tomorrow.,Daniel dax work in Lab B tomorrow.,It is mip for Daniel to work in Lab B tomorrow.,Daniel may work in Lab B tomorrow.,It is possible for Daniel to work in Lab B tomorrow.,"According to the rules or permissions described in the story, is Daniel permitted to work in Lab B tomorrow?","Based on the information described in the story, is it possible that Daniel will work in Lab B tomorrow?","Definitely about whether Daniel is permitted to work in Lab B tomorrow, according to the rules or permissions","Definitely about whether Daniel will work in Lab B tomorrow, based on the available information",Yes | No | The story does not say,Yes | No,1–7 scale between the deontic and epistemic reading endpoints; 4 = Both interpretations fit equally well | Separate option: Neither interpretation fits,D+,E+ (open / not ruled out),,"Positive-only training candidate. Context-only and whole-scenario norming should use exactly the same context order. For inversion items, specifically norm whether the familiar-English modal question introduces an unwanted permission bias. Candidate syntax pool is balanced across Declarative, Wh-question, and Yes/no inversion. Norming practice/example trials should remain declarative so they teach the semantic judgment without demonstrating a preferred question construction. In the experiment UI, bold the phrase 'information' in epistemic questions and 'rules or permissions' in deontic questions; the CSV keeps plain text for portability.",Root/deontic,Declarative,Expected root/deontic interpretation,Expected non-epistemic interpretation
Training,T12,College lab,,D unspecified,E+ (explicit uncertainty / live alternatives),no relevant permission rule stated,the story explicitly presents the target as one of multiple live possibilities,past perfect / present progressive or stative,TE,N-E,E-N,"Daniel is doing an experiment right now. Daniel's supervisor knows he is in either Lab A or Lab B, but the room log has not been updated.","Daniel's supervisor knows he is in either Lab A or Lab B, but the room log has not been updated. Daniel is doing an experiment right now.",Daniel dax be in Lab B now.,It is mip for Daniel to be in Lab B now.,Daniel may be in Lab B now.,It is possible for Daniel to be in Lab B now.,"According to the rules or permissions described in the story, is Daniel permitted to work in Lab B?","Based on the information described in the story, is it possible that Daniel is in Lab B now?","Definitely about whether Daniel is permitted to work in Lab B, according to the rules or permissions","Definitely about whether Daniel is in Lab B now, based on the available information",Yes | No | The story does not say,Yes | No,1–7 scale between the deontic and epistemic reading endpoints; 4 = Both interpretations fit equally well | Separate option: Neither interpretation fits,D should be 'The story does not say',E+,,"Positive-only training candidate. Context-only and whole-scenario norming should use exactly the same context order. For inversion items, specifically norm whether the familiar-English modal question is compatible with an epistemic reading. Candidate syntax pool is balanced across Declarative, Wh-question, and Yes/no inversion. Norming practice/example trials should remain declarative so they teach the semantic judgment without demonstrating a preferred question construction. In the experiment UI, bold the phrase 'information' in epistemic questions and 'rules or permissions' in deontic questions; the CSV keeps plain text for portability.",Epistemic,Declarative,Expected non-deontic interpretation,Expected epistemic interpretation
Critical Test,C1,Zoo animal-care room,Root→Epistemic,D-,E+,explicit institutional restriction,open because relevant evidence is incomplete; not ruled out,past perfect,P1,N-E-D,E-D-N,"Aisha is photographing exhibits at the zoo for a biology assignment. Aisha's classmates lost track of her after lunch, and the hallway camera near the animal-care room is being serviced. The animal-care room is reserved for zoo staff, while Aisha has a regular visitor wristband.","Aisha's classmates lost track of her after lunch, and the hallway camera near the animal-care room is being serviced. The animal-care room is reserved for zoo staff, while Aisha has a regular visitor wristband. Aisha is photographing exhibits at the zoo for a biology assignment.",Aisha dax have gone into the animal-care room.,It is mip for Aisha to have gone into the animal-care room.,Aisha may have gone into the animal-care room.,It is possible for Aisha to have gone into the animal-care room.,"According to the rules or permissions described in the story, was Aisha permitted to go into the animal-care room?","Based on the information described in the story, is it possible that Aisha went into the animal-care room?","Definitely about whether Aisha was permitted to go into the animal-care room, according to the rules or permissions","Definitely about whether Aisha went into the animal-care room, based on the available information",Yes | No | The story does not say,Yes | No,1–7 scale between the deontic and epistemic reading endpoints; 4 = Both interpretations fit equally well | Separate option: Neither interpretation fits,D-,E+,Transfer predicts Accept; source-flavor-only interpretation predicts Reject.,"The same context order version should be used for context-only and whole-scenario norming for a given participant/list. Critical candidate: norm both order versions and prefer items whose D/E judgments are robust across order. In the experiment UI, bold the phrase 'information' in epistemic questions and 'rules or permissions' in deontic questions; the CSV keeps plain text for portability.",,,,
Critical Test,C1,Zoo animal-care room,Epistemic→Root,D+,E-,explicit credential-based permission,strongly contradicted by a finalized and confirmed schedule,future eventive,P2,D-N-E,N-D-E,"Aisha's volunteer credential permits her to work in the animal-care room. Aisha is volunteering at the zoo tomorrow as part of a conservation program. The finalized duty schedule assigns Aisha to the education kiosk for her entire shift, and her coordinator confirmed that assignment with her.","Aisha is volunteering at the zoo tomorrow as part of a conservation program. Aisha's volunteer credential permits her to work in the animal-care room. The finalized duty schedule assigns Aisha to the education kiosk for her entire shift, and her coordinator confirmed that assignment with her.",Aisha dax work in the animal-care room tomorrow.,It is mip for Aisha to work in the animal-care room tomorrow.,Aisha may work in the animal-care room tomorrow.,It is possible for Aisha to work in the animal-care room tomorrow.,"According to the rules or permissions described in the story, is Aisha permitted to work in the animal-care room tomorrow?","Based on the information described in the story, is it possible that Aisha will work in the animal-care room tomorrow?","Definitely about whether Aisha is permitted to work in the animal-care room tomorrow, according to the rules or permissions","Definitely about whether Aisha will work in the animal-care room tomorrow, based on the available information",Yes | No | The story does not say,Yes | No,1–7 scale between the deontic and epistemic reading endpoints; 4 = Both interpretations fit equally well | Separate option: Neither interpretation fits,D+,E-,Transfer predicts Accept; source-flavor-only interpretation predicts Reject.,"The same context order version should be used for context-only and whole-scenario norming for a given participant/list. Critical candidate: norm both order versions and prefer items whose D/E judgments are robust across order. In the experiment UI, bold the phrase 'information' in epistemic questions and 'rules or permissions' in deontic questions; the CSV keeps plain text for portability.",,,,
Critical Test,C2,University observatory,Root→Epistemic,D-,E+,explicit training-based restriction,open because Theo's current location is unknown,present progressive,P3,E-N-D,D-E-N,"The other club members cannot find Theo right now, and the control-room door sensor is temporarily offline. Theo is at the university observatory with the astronomy club tonight. The telescope control room is reserved for trained operators, and Theo has not completed the operator course.","The telescope control room is reserved for trained operators, and Theo has not completed the operator course. The other club members cannot find Theo right now, and the control-room door sensor is temporarily offline. Theo is at the university observatory with the astronomy club tonight.",Theo dax be working in the telescope control room now.,It is mip for Theo to be working in the telescope control room now.,Theo may be working in the telescope control room now.,It is possible for Theo to be working in the telescope control room now.,"According to the rules or permissions described in the story, is Theo permitted to work in the telescope control room?","Based on the information described in the story, is it possible that Theo is working in the telescope control room now?","Definitely about whether Theo is permitted to work in the telescope control room, according to the rules or permissions","Definitely about whether Theo is working in the telescope control room now, based on the available information",Yes | No | The story does not say,Yes | No,1–7 scale between the deontic and epistemic reading endpoints; 4 = Both interpretations fit equally well | Separate option: Neither interpretation fits,D-,E+,Transfer predicts Accept; source-flavor-only interpretation predicts Reject.,"The same context order version should be used for context-only and whole-scenario norming for a given participant/list. Critical candidate: norm both order versions and prefer items whose D/E judgments are robust across order. In the experiment UI, bold the phrase 'information' in epistemic questions and 'rules or permissions' in deontic questions; the CSV keeps plain text for portability.",,,,
Critical Test,C2,University observatory,Epistemic→Root,D+,E-,explicit certification-based permission,strongly contradicted by a finalized and confirmed duty roster,future eventive,P1,N-E-D,E-D-N,"Theo is helping with a public astronomy night at the observatory tomorrow. The final volunteer roster assigns Theo to greet visitors at the entrance for the entire event, and he confirmed that shift. He completed the operator course last month, so he is authorized to use the telescope control room.","The final volunteer roster assigns Theo to greet visitors at the entrance for the entire event, and he confirmed that shift. He completed the operator course last month, so he is authorized to use the telescope control room. Theo is helping with a public astronomy night at the observatory tomorrow.",Theo dax work in the telescope control room tomorrow night.,It is mip for Theo to work in the telescope control room tomorrow night.,Theo may work in the telescope control room tomorrow night.,It is possible for Theo to work in the telescope control room tomorrow night.,"According to the rules or permissions described in the story, is Theo permitted to work in the telescope control room tomorrow night?","Based on the information described in the story, is it possible that Theo will work in the telescope control room tomorrow night?","Definitely about whether Theo is permitted to work in the telescope control room tomorrow night, according to the rules or permissions","Definitely about whether Theo will work in the telescope control room tomorrow night, based on the available information",Yes | No | The story does not say,Yes | No,1–7 scale between the deontic and epistemic reading endpoints; 4 = Both interpretations fit equally well | Separate option: Neither interpretation fits,D+,E-,Transfer predicts Accept; source-flavor-only interpretation predicts Reject.,"The same context order version should be used for context-only and whole-scenario norming for a given participant/list. Critical candidate: norm both order versions and prefer items whose D/E judgments are robust across order. In the experiment UI, bold the phrase 'information' in epistemic questions and 'rules or permissions' in deontic questions; the CSV keeps plain text for portability.",,,,
Critical Test,C3,Student film studio,Root→Epistemic,D-,E+,explicit role-based restriction,open because the production record is incomplete,past perfect,P2,D-N-E,N-D-E,"The sound-mixing suite is reserved for post-production staff, while Grace is registered as part of the camera crew. Grace spent the morning at a student film studio working on a documentary. The production log has a gap during the lunch break, and Grace's teammates do not know where she went.","Grace spent the morning at a student film studio working on a documentary. The sound-mixing suite is reserved for post-production staff, while Grace is registered as part of the camera crew. The production log has a gap during the lunch break, and Grace's teammates do not know where she went.",Grace dax have gone into the sound-mixing suite.,It is mip for Grace to have gone into the sound-mixing suite.,Grace may have gone into the sound-mixing suite.,It is possible for Grace to have gone into the sound-mixing suite.,"According to the rules or permissions described in the story, was Grace permitted to go into the sound-mixing suite?","Based on the information described in the story, is it possible that Grace went into the sound-mixing suite?","Definitely about whether Grace was permitted to go into the sound-mixing suite, according to the rules or permissions","Definitely about whether Grace went into the sound-mixing suite, based on the available information",Yes | No | The story does not say,Yes | No,1–7 scale between the deontic and epistemic reading endpoints; 4 = Both interpretations fit equally well | Separate option: Neither interpretation fits,D-,E+,Transfer predicts Accept; source-flavor-only interpretation predicts Reject.,"The same context order version should be used for context-only and whole-scenario norming for a given participant/list. Critical candidate: norm both order versions and prefer items whose D/E judgments are robust across order. In the experiment UI, bold the phrase 'information' in epistemic questions and 'rules or permissions' in deontic questions; the CSV keeps plain text for portability.",,,,
Critical Test,C3,Student film studio,Epistemic→Root,D+,E-,explicit badge-based permission,strongly contradicted by a locked and confirmed schedule,future eventive,P3,E-N-D,D-E-N,"The locked shooting schedule assigns Grace to an outdoor location for the entire afternoon, and she confirmed the assignment today. Grace is returning to the film studio tomorrow for another production day. Grace has received an all-area crew badge that includes the sound-mixing suite.","Grace has received an all-area crew badge that includes the sound-mixing suite. The locked shooting schedule assigns Grace to an outdoor location for the entire afternoon, and she confirmed the assignment today. Grace is returning to the film studio tomorrow for another production day.",Grace dax use the sound-mixing suite tomorrow afternoon.,It is mip for Grace to use the sound-mixing suite tomorrow afternoon.,Grace may use the sound-mixing suite tomorrow afternoon.,It is possible for Grace to use the sound-mixing suite tomorrow afternoon.,"According to the rules or permissions described in the story, is Grace permitted to use the sound-mixing suite tomorrow afternoon?","Based on the information described in the story, is it possible that Grace will use the sound-mixing suite tomorrow afternoon?","Definitely about whether Grace is permitted to use the sound-mixing suite tomorrow afternoon, according to the rules or permissions","Definitely about whether Grace will use the sound-mixing suite tomorrow afternoon, based on the available information",Yes | No | The story does not say,Yes | No,1–7 scale between the deontic and epistemic reading endpoints; 4 = Both interpretations fit equally well | Separate option: Neither interpretation fits,D+,E-,Transfer predicts Accept; source-flavor-only interpretation predicts Reject.,"The same context order version should be used for context-only and whole-scenario norming for a given participant/list. Critical candidate: norm both order versions and prefer items whose D/E judgments are robust across order. In the experiment UI, bold the phrase 'information' in epistemic questions and 'rules or permissions' in deontic questions; the CSV keeps plain text for portability.",,,,
Critical Test,C4,Hotel rooftop lounge,Root→Epistemic,D-,E+,explicit room-category restriction,open because Jordan's current location is unknown,present stative,P1,N-E-D,E-D-N,"Jordan is attending a conference at a downtown hotel today. Jordan's colleague cannot find them after lunch, and the elevator logs are unavailable during a system outage. The rooftop lounge is reserved for guests staying on the executive floors, while Jordan has a standard room.","Jordan's colleague cannot find them after lunch, and the elevator logs are unavailable during a system outage. The rooftop lounge is reserved for guests staying on the executive floors, while Jordan has a standard room. Jordan is attending a conference at a downtown hotel today.",Jordan dax be in the rooftop lounge now.,It is mip for Jordan to be in the rooftop lounge now.,Jordan may be in the rooftop lounge now.,It is possible for Jordan to be in the rooftop lounge now.,"According to the rules or permissions described in the story, is Jordan permitted to be in the rooftop lounge?","Based on the information described in the story, is it possible that Jordan is in the rooftop lounge now?","Definitely about whether Jordan is permitted to be in the rooftop lounge, according to the rules or permissions","Definitely about whether Jordan is in the rooftop lounge now, based on the available information",Yes | No | The story does not say,Yes | No,1–7 scale between the deontic and epistemic reading endpoints; 4 = Both interpretations fit equally well | Separate option: Neither interpretation fits,D-,E+,Transfer predicts Accept; source-flavor-only interpretation predicts Reject.,"The same context order version should be used for context-only and whole-scenario norming for a given participant/list. Critical candidate: norm both order versions and prefer items whose D/E judgments are robust across order. In the experiment UI, bold the phrase 'information' in epistemic questions and 'rules or permissions' in deontic questions; the CSV keeps plain text for portability.",,,,
Critical Test,C4,Hotel rooftop lounge,Epistemic→Root,D+,E-,explicit room-status permission,strongly contradicted by a confirmed conference schedule,future eventive,P2,D-N-E,N-D-E,"The hotel upgraded Jordan to an executive-floor room, which includes use of the rooftop lounge. Jordan is staying at the same hotel for the conference tomorrow. Jordan's final conference program has them presenting throughout the lounge's afternoon opening hours, and the session chair confirmed the schedule.","Jordan is staying at the same hotel for the conference tomorrow. The hotel upgraded Jordan to an executive-floor room, which includes use of the rooftop lounge. Jordan's final conference program has them presenting throughout the lounge's afternoon opening hours, and the session chair confirmed the schedule.",Jordan dax sit in the rooftop lounge tomorrow afternoon.,It is mip for Jordan to sit in the rooftop lounge tomorrow afternoon.,Jordan may sit in the rooftop lounge tomorrow afternoon.,It is possible for Jordan to sit in the rooftop lounge tomorrow afternoon.,"According to the rules or permissions described in the story, is Jordan permitted to sit in the rooftop lounge tomorrow afternoon?","Based on the information described in the story, is it possible that Jordan will sit in the rooftop lounge tomorrow afternoon?","Definitely about whether Jordan is permitted to sit in the rooftop lounge tomorrow afternoon, according to the rules or permissions","Definitely about whether Jordan will sit in the rooftop lounge tomorrow afternoon, based on the available information",Yes | No | The story does not say,Yes | No,1–7 scale between the deontic and epistemic reading endpoints; 4 = Both interpretations fit equally well | Separate option: Neither interpretation fits,D+,E-,Transfer predicts Accept; source-flavor-only interpretation predicts Reject.,"The same context order version should be used for context-only and whole-scenario norming for a given participant/list. Critical candidate: norm both order versions and prefer items whose D/E judgments are robust across order. In the experiment UI, bold the phrase 'information' in epistemic questions and 'rules or permissions' in deontic questions; the CSV keeps plain text for portability.",,,,
Critical Test,C5,Aquatic center diving area,Root→Epistemic,D-,E+,explicit certification-based restriction,positively suggested but not confirmed by indirect evidence,present progressive,P3,E-N-D,D-E-N,"A teammate saw Chloe walking toward the diving area a few minutes ago, but nobody can see the platform from the pool deck. Chloe is at an aquatic center for swim-club practice this afternoon. The high diving board is reserved for Level 3 swimmers, while Chloe is currently certified at Level 2.","The high diving board is reserved for Level 3 swimmers, while Chloe is currently certified at Level 2. A teammate saw Chloe walking toward the diving area a few minutes ago, but nobody can see the platform from the pool deck. Chloe is at an aquatic center for swim-club practice this afternoon.",Chloe dax be using the high diving board now.,It is mip for Chloe to be using the high diving board now.,Chloe may be using the high diving board now.,It is possible for Chloe to be using the high diving board now.,"According to the rules or permissions described in the story, is Chloe permitted to use the high diving board?","Based on the information described in the story, is it possible that Chloe is using the high diving board now?","Definitely about whether Chloe is permitted to use the high diving board, according to the rules or permissions","Definitely about whether Chloe is using the high diving board now, based on the available information",Yes | No | The story does not say,Yes | No,1–7 scale between the deontic and epistemic reading endpoints; 4 = Both interpretations fit equally well | Separate option: Neither interpretation fits,D-,E+,Transfer predicts Accept; source-flavor-only interpretation predicts Reject.,"The same context order version should be used for context-only and whole-scenario norming for a given participant/list. Critical candidate: norm both order versions and prefer items whose D/E judgments are robust across order. In the experiment UI, bold the phrase 'information' in epistemic questions and 'rules or permissions' in deontic questions; the CSV keeps plain text for portability.",,,,
Critical Test,C5,Aquatic center diving area,Epistemic→Root,D+,E-,explicit certification-based permission,strongly contradicted by a finalized and acknowledged practice plan,future eventive,P1,N-E-D,E-D-N,"Chloe is returning to the aquatic center for practice tomorrow. The coach's finalized practice plan assigns Chloe to lap swimming for the entire session, and Chloe acknowledged the plan. She passed the Level 3 test this week, so she is now cleared to use the high diving board.","The coach's finalized practice plan assigns Chloe to lap swimming for the entire session, and Chloe acknowledged the plan. She passed the Level 3 test this week, so she is now cleared to use the high diving board. Chloe is returning to the aquatic center for practice tomorrow.",Chloe dax use the high diving board tomorrow.,It is mip for Chloe to use the high diving board tomorrow.,Chloe may use the high diving board tomorrow.,It is possible for Chloe to use the high diving board tomorrow.,"According to the rules or permissions described in the story, is Chloe permitted to use the high diving board tomorrow?","Based on the information described in the story, is it possible that Chloe will use the high diving board tomorrow?","Definitely about whether Chloe is permitted to use the high diving board tomorrow, according to the rules or permissions","Definitely about whether Chloe will use the high diving board tomorrow, based on the available information",Yes | No | The story does not say,Yes | No,1–7 scale between the deontic and epistemic reading endpoints; 4 = Both interpretations fit equally well | Separate option: Neither interpretation fits,D+,E-,Transfer predicts Accept; source-flavor-only interpretation predicts Reject. Norm carefully that the context rules out the event epistemically without implying loss of permission.,"The same context order version should be used for context-only and whole-scenario norming for a given participant/list. Critical candidate: norm both order versions and prefer items whose D/E judgments are robust across order. In the experiment UI, bold the phrase 'information' in epistemic questions and 'rules or permissions' in deontic questions; the CSV keeps plain text for portability.",,,,
Critical Test,C6,Airport premium lounge,Root→Epistemic,D-,E+,explicit ticket-class restriction,open because location and entry records are incomplete,past perfect,P2,D-N-E,N-D-E,"The premium lounge is reserved for business-class passengers, while Marcus was traveling on an economy ticket. Marcus spent several hours at the airport yesterday waiting for a delayed flight. Marcus's friends could not find him for part of the delay, and the lounge entry scanner was temporarily malfunctioning.","Marcus spent several hours at the airport yesterday waiting for a delayed flight. The premium lounge is reserved for business-class passengers, while Marcus was traveling on an economy ticket. Marcus's friends could not find him for part of the delay, and the lounge entry scanner was temporarily malfunctioning.",Marcus dax have waited in the premium lounge.,It is mip for Marcus to have waited in the premium lounge.,Marcus may have waited in the premium lounge.,It is possible for Marcus to have waited in the premium lounge.,"According to the rules or permissions described in the story, was Marcus permitted to wait in the premium lounge?","Based on the information described in the story, is it possible that Marcus waited in the premium lounge?","Definitely about whether Marcus was permitted to wait in the premium lounge, according to the rules or permissions","Definitely about whether Marcus waited in the premium lounge, based on the available information",Yes | No | The story does not say,Yes | No,1–7 scale between the deontic and epistemic reading endpoints; 4 = Both interpretations fit equally well | Separate option: Neither interpretation fits,D-,E+,Transfer predicts Accept; source-flavor-only interpretation predicts Reject.,"The same context order version should be used for context-only and whole-scenario norming for a given participant/list. Critical candidate: norm both order versions and prefer items whose D/E judgments are robust across order. In the experiment UI, bold the phrase 'information' in epistemic questions and 'rules or permissions' in deontic questions; the CSV keeps plain text for portability.",,,,
Critical Test,C6,Airport premium lounge,Epistemic→Root,D+,E-,explicit ticket-based permission,strongly contradicted by an explicit confirmed plan,future eventive,P3,E-N-D,D-E-N,"Marcus sent his family a detailed travel plan saying he will go directly from security to his gate, and he confirmed that he will not visit the lounge. Marcus is flying from the same airport again tomorrow. The airline upgraded Marcus to business class, so his ticket now includes the premium lounge.","The airline upgraded Marcus to business class, so his ticket now includes the premium lounge. Marcus sent his family a detailed travel plan saying he will go directly from security to his gate, and he confirmed that he will not visit the lounge. Marcus is flying from the same airport again tomorrow.",Marcus dax wait in the premium lounge tomorrow.,It is mip for Marcus to wait in the premium lounge tomorrow.,Marcus may wait in the premium lounge tomorrow.,It is possible for Marcus to wait in the premium lounge tomorrow.,"According to the rules or permissions described in the story, is Marcus permitted to wait in the premium lounge tomorrow?","Based on the information described in the story, is it possible that Marcus will wait in the premium lounge tomorrow?","Definitely about whether Marcus is permitted to wait in the premium lounge tomorrow, according to the rules or permissions","Definitely about whether Marcus will wait in the premium lounge tomorrow, based on the available information",Yes | No | The story does not say,Yes | No,1–7 scale between the deontic and epistemic reading endpoints; 4 = Both interpretations fit equally well | Separate option: Neither interpretation fits,D+,E-,Transfer predicts Accept; source-flavor-only interpretation predicts Reject.,"The same context order version should be used for context-only and whole-scenario norming for a given participant/list. Critical candidate: norm both order versions and prefer items whose D/E judgments are robust across order. In the experiment UI, bold the phrase 'information' in epistemic questions and 'rules or permissions' in deontic questions; the CSV keeps plain text for portability.",,,,
Critical Test,C7,College radio station,Root→Epistemic,D-,E+,explicit membership-based restriction,open because Elena's current location is unknown,present progressive,P1,N-E-D,E-D-N,"Elena is visiting the college radio station for a journalism project. The host stepped away to take a phone call and does not know where Elena went, and the hallway camera is turned off. The live recording booth is reserved for station members, while Elena is signed in as a guest.","The host stepped away to take a phone call and does not know where Elena went, and the hallway camera is turned off. The live recording booth is reserved for station members, while Elena is signed in as a guest. Elena is visiting the college radio station for a journalism project.",Elena dax be sitting in the live recording booth now.,It is mip for Elena to be sitting in the live recording booth now.,Elena may be sitting in the live recording booth now.,It is possible for Elena to be sitting in the live recording booth now.,"According to the rules or permissions described in the story, is Elena permitted to sit in the live recording booth?","Based on the information described in the story, is it possible that Elena is sitting in the live recording booth now?","Definitely about whether Elena is permitted to sit in the live recording booth, according to the rules or permissions","Definitely about whether Elena is sitting in the live recording booth now, based on the available information",Yes | No | The story does not say,Yes | No,1–7 scale between the deontic and epistemic reading endpoints; 4 = Both interpretations fit equally well | Separate option: Neither interpretation fits,D-,E+,Transfer predicts Accept; source-flavor-only interpretation predicts Reject.,"The same context order version should be used for context-only and whole-scenario norming for a given participant/list. Critical candidate: norm both order versions and prefer items whose D/E judgments are robust across order. In the experiment UI, bold the phrase 'information' in epistemic questions and 'rules or permissions' in deontic questions; the CSV keeps plain text for portability.",,,,
Critical Test,C7,College radio station,Epistemic→Root,D+,E-,explicit badge-based permission,strongly contradicted by a finalized and confirmed shift assignment,future eventive,P2,D-N-E,N-D-E,"Elena's intern badge permits her to use the live recording booth. Elena begins an internship at the radio station tomorrow. The finalized broadcast schedule assigns another intern to the booth and Elena to the front desk for the entire shift, and both assignments were confirmed.","Elena begins an internship at the radio station tomorrow. Elena's intern badge permits her to use the live recording booth. The finalized broadcast schedule assigns another intern to the booth and Elena to the front desk for the entire shift, and both assignments were confirmed.",Elena dax use the live recording booth tomorrow.,It is mip for Elena to use the live recording booth tomorrow.,Elena may use the live recording booth tomorrow.,It is possible for Elena to use the live recording booth tomorrow.,"According to the rules or permissions described in the story, is Elena permitted to use the live recording booth tomorrow?","Based on the information described in the story, is it possible that Elena will use the live recording booth tomorrow?","Definitely about whether Elena is permitted to use the live recording booth tomorrow, according to the rules or permissions","Definitely about whether Elena will use the live recording booth tomorrow, based on the available information",Yes | No | The story does not say,Yes | No,1–7 scale between the deontic and epistemic reading endpoints; 4 = Both interpretations fit equally well | Separate option: Neither interpretation fits,D+,E-,Transfer predicts Accept; source-flavor-only interpretation predicts Reject.,"The same context order version should be used for context-only and whole-scenario norming for a given participant/list. Critical candidate: norm both order versions and prefer items whose D/E judgments are robust across order. In the experiment UI, bold the phrase 'information' in epistemic questions and 'rules or permissions' in deontic questions; the CSV keeps plain text for portability.",,,,
Critical Test,C8,Ski lodge tuning room,Root→Epistemic,D-,E+,explicit employment-based restriction,open because location records are incomplete,past perfect,P3,E-N-D,D-E-N,"Ravi's friends last saw him near the service hallway, and the staff movement log is incomplete for that period. Ravi spent the morning at a ski lodge with several friends. The ski-tuning room is reserved for lodge employees, while Ravi has an ordinary day pass.","The ski-tuning room is reserved for lodge employees, while Ravi has an ordinary day pass. Ravi's friends last saw him near the service hallway, and the staff movement log is incomplete for that period. Ravi spent the morning at a ski lodge with several friends.",Ravi dax have gone into the ski-tuning room.,It is mip for Ravi to have gone into the ski-tuning room.,Ravi may have gone into the ski-tuning room.,It is possible for Ravi to have gone into the ski-tuning room.,"According to the rules or permissions described in the story, was Ravi permitted to go into the ski-tuning room?","Based on the information described in the story, is it possible that Ravi went into the ski-tuning room?","Definitely about whether Ravi was permitted to go into the ski-tuning room, according to the rules or permissions","Definitely about whether Ravi went into the ski-tuning room, based on the available information",Yes | No | The story does not say,Yes | No,1–7 scale between the deontic and epistemic reading endpoints; 4 = Both interpretations fit equally well | Separate option: Neither interpretation fits,D-,E+,Transfer predicts Accept; source-flavor-only interpretation predicts Reject.,"The same context order version should be used for context-only and whole-scenario norming for a given participant/list. Critical candidate: norm both order versions and prefer items whose D/E judgments are robust across order. In the experiment UI, bold the phrase 'information' in epistemic questions and 'rules or permissions' in deontic questions; the CSV keeps plain text for portability.",,,,
Critical Test,C8,Ski lodge tuning room,Epistemic→Root,D+,E-,explicit credential-based permission,strongly contradicted by a finalized and confirmed duty roster,future eventive,P1,N-E-D,E-D-N,"Ravi is volunteering at a ski race at the lodge tomorrow. The final duty roster assigns Ravi as a course marshal outdoors for the entire event, and he confirmed the assignment. His volunteer credential includes the ski-tuning room.","The final duty roster assigns Ravi as a course marshal outdoors for the entire event, and he confirmed the assignment. His volunteer credential includes the ski-tuning room. Ravi is volunteering at a ski race at the lodge tomorrow.",Ravi dax work in the ski-tuning room tomorrow.,It is mip for Ravi to work in the ski-tuning room tomorrow.,Ravi may work in the ski-tuning room tomorrow.,It is possible for Ravi to work in the ski-tuning room tomorrow.,"According to the rules or permissions described in the story, is Ravi permitted to work in the ski-tuning room tomorrow?","Based on the information described in the story, is it possible that Ravi will work in the ski-tuning room tomorrow?","Definitely about whether Ravi is permitted to work in the ski-tuning room tomorrow, according to the rules or permissions","Definitely about whether Ravi will work in the ski-tuning room tomorrow, based on the available information",Yes | No | The story does not say,Yes | No,1–7 scale between the deontic and epistemic reading endpoints; 4 = Both interpretations fit equally well | Separate option: Neither interpretation fits,D+,E-,Transfer predicts Accept; source-flavor-only interpretation predicts Reject. Norm whether the confirmed lower-deck plan is strong enough to support E-.,"The same context order version should be used for context-only and whole-scenario norming for a given participant/list. Critical candidate: norm both order versions and prefer items whose D/E judgments are robust across order. In the experiment UI, bold the phrase 'information' in epistemic questions and 'rules or permissions' in deontic questions; the CSV keeps plain text for portability.",,,,
Filler,F1,Ice rink warm-up studio,D+E+ filler,D+,E+,explicit pass-based permission,positively supported by an explicit plan and schedule,future eventive,P2,D-N-E,N-D-E,"Tessa's clinic pass includes use of the warm-up studio. Tessa is taking part in a figure-skating clinic tomorrow. Tessa told her coach that she plans to practice there before the first session, and the schedule lists that warm-up period.","Tessa is taking part in a figure-skating clinic tomorrow. Tessa's clinic pass includes use of the warm-up studio. Tessa told her coach that she plans to practice there before the first session, and the schedule lists that warm-up period.",Tessa dax practice in the warm-up studio tomorrow morning.,It is mip for Tessa to practice in the warm-up studio tomorrow morning.,Tessa may practice in the warm-up studio tomorrow morning.,It is possible for Tessa to practice in the warm-up studio tomorrow morning.,"According to the rules or permissions described in the story, is Tessa permitted to practice in the warm-up studio tomorrow morning?","Based on the information described in the story, is it possible that Tessa will practice in the warm-up studio tomorrow morning?","Definitely about whether Tessa is permitted to practice in the warm-up studio tomorrow morning, according to the rules or permissions","Definitely about whether Tessa will practice in the warm-up studio tomorrow morning, based on the available information",Yes | No | The story does not say,Yes | No,1–7 scale between the deontic and epistemic reading endpoints; 4 = Both interpretations fit equally well | Separate option: Neither interpretation fits,D+,E+,Accept under both deontic and epistemic interpretations.,"The same context order version should be used for context-only and whole-scenario norming for a given participant/list. Filler candidate: D and E converge, so the item should not diagnose flavor assignment. In the experiment UI, bold the phrase 'information' in epistemic questions and 'rules or permissions' in deontic questions; the CSV keeps plain text for portability.",,,,
Filler,F2,Cinema projection booth,D-E- filler,D-,E-,explicit employee-only restriction,ruled out by continuous security footage,past perfect,P3,E-N-D,D-E-N,"Security footage shows Amir remained in the auditorium and lobby throughout the screening. Amir attended a film festival at a local cinema yesterday. The projection booth is restricted to cinema employees, while Amir had a standard festival ticket.","The projection booth is restricted to cinema employees, while Amir had a standard festival ticket. Security footage shows Amir remained in the auditorium and lobby throughout the screening. Amir attended a film festival at a local cinema yesterday.",Amir dax have entered the projection booth.,It is mip for Amir to have entered the projection booth.,Amir may have entered the projection booth.,It is possible for Amir to have entered the projection booth.,"According to the rules or permissions described in the story, was Amir permitted to enter the projection booth?","Based on the information described in the story, is it possible that Amir entered the projection booth?","Definitely about whether Amir was permitted to enter the projection booth, according to the rules or permissions","Definitely about whether Amir entered the projection booth, based on the available information",Yes | No | The story does not say,Yes | No,1–7 scale between the deontic and epistemic reading endpoints; 4 = Both interpretations fit equally well | Separate option: Neither interpretation fits,D-,E-,Reject under both deontic and epistemic interpretations.,"The same context order version should be used for context-only and whole-scenario norming for a given participant/list. Filler candidate: D and E converge, so the item should not diagnose flavor assignment. In the experiment UI, bold the phrase 'information' in epistemic questions and 'rules or permissions' in deontic questions; the CSV keeps plain text for portability.",,,,
Filler,F3,Bakery decorating station,D+E+ filler,D+,E+,explicit training-based permission,positively supported by recent direct observation,present progressive,P1,N-E-D,E-D-N,"Zoe is helping at a bakery fundraiser this afternoon. A coworker saw Zoe carry a tray of cupcakes to the decorating station a few minutes ago and has not seen her leave. She completed the bakery's food-handling orientation, which qualifies volunteers to use the decorating station.","A coworker saw Zoe carry a tray of cupcakes to the decorating station a few minutes ago and has not seen her leave. She completed the bakery's food-handling orientation, which qualifies volunteers to use the decorating station. Zoe is helping at a bakery fundraiser this afternoon.",Zoe dax be working at the decorating station now.,It is mip for Zoe to be working at the decorating station now.,Zoe may be working at the decorating station now.,It is possible for Zoe to be working at the decorating station now.,"According to the rules or permissions described in the story, is Zoe permitted to work at the decorating station?","Based on the information described in the story, is it possible that Zoe is working at the decorating station now?","Definitely about whether Zoe is permitted to work at the decorating station, according to the rules or permissions","Definitely about whether Zoe is working at the decorating station now, based on the available information",Yes | No | The story does not say,Yes | No,1–7 scale between the deontic and epistemic reading endpoints; 4 = Both interpretations fit equally well | Separate option: Neither interpretation fits,D+,E+,Accept under both deontic and epistemic interpretations.,"The same context order version should be used for context-only and whole-scenario norming for a given participant/list. Filler candidate: D and E converge, so the item should not diagnose flavor assignment. In the experiment UI, bold the phrase 'information' in epistemic questions and 'rules or permissions' in deontic questions; the CSV keeps plain text for portability.",,,,
Filler,F4,Music school faculty practice room,D-E- filler,D-,E-,explicit role-based restriction,strongly contradicted by a finalized and confirmed schedule,future eventive,P2,D-N-E,N-D-E,"The faculty practice room is reserved for instructors, while Henry is attending as a guest performer. Henry is attending a piano recital at a music school tomorrow. Henry's finalized recital schedule places him in the main hall throughout the only period when the faculty room is open, and he confirmed the schedule.","Henry is attending a piano recital at a music school tomorrow. The faculty practice room is reserved for instructors, while Henry is attending as a guest performer. Henry's finalized recital schedule places him in the main hall throughout the only period when the faculty room is open, and he confirmed the schedule.",Henry dax practice in the faculty room tomorrow afternoon.,It is mip for Henry to practice in the faculty room tomorrow afternoon.,Henry may practice in the faculty room tomorrow afternoon.,It is possible for Henry to practice in the faculty room tomorrow afternoon.,"According to the rules or permissions described in the story, is Henry permitted to practice in the faculty room tomorrow afternoon?","Based on the information described in the story, is it possible that Henry will practice in the faculty room tomorrow afternoon?","Definitely about whether Henry is permitted to practice in the faculty room tomorrow afternoon, according to the rules or permissions","Definitely about whether Henry will practice in the faculty room tomorrow afternoon, based on the available information",Yes | No | The story does not say,Yes | No,1–7 scale between the deontic and epistemic reading endpoints; 4 = Both interpretations fit equally well | Separate option: Neither interpretation fits,D-,E-,Reject under both deontic and epistemic interpretations.,"The same context order version should be used for context-only and whole-scenario norming for a given participant/list. Filler candidate: D and E converge, so the item should not diagnose flavor assignment. In the experiment UI, bold the phrase 'information' in epistemic questions and 'rules or permissions' in deontic questions; the CSV keeps plain text for portability.",,,,
Filler,F5,Hotel conference suite,D+E+ filler,D+,E+,explicit registration-based permission,positively supported by two direct records/observations,past perfect,P3,E-N-D,D-E-N,"June's attendance badge was scanned at Suite B, and a colleague remembers sitting beside her there. June attended a professional workshop at a hotel yesterday. June's registration included the afternoon breakout session in Conference Suite B.","June's registration included the afternoon breakout session in Conference Suite B. June's attendance badge was scanned at Suite B, and a colleague remembers sitting beside her there. June attended a professional workshop at a hotel yesterday.",June dax have attended the session in Conference Suite B.,It is mip for June to have attended the session in Conference Suite B.,June may have attended the session in Conference Suite B.,It is possible for June to have attended the session in Conference Suite B.,"According to the rules or permissions described in the story, was June permitted to attend the session in Conference Suite B?","Based on the information described in the story, is it possible that June attended the session in Conference Suite B?","Definitely about whether June was permitted to attend the session in Conference Suite B, according to the rules or permissions","Definitely about whether June attended the session in Conference Suite B, based on the available information",Yes | No | The story does not say,Yes | No,1–7 scale between the deontic and epistemic reading endpoints; 4 = Both interpretations fit equally well | Separate option: Neither interpretation fits,D+,E+,Accept under both deontic and epistemic interpretations.,"The same context order version should be used for context-only and whole-scenario norming for a given participant/list. Filler candidate: D and E converge, so the item should not diagnose flavor assignment. In the experiment UI, bold the phrase 'information' in epistemic questions and 'rules or permissions' in deontic questions; the CSV keeps plain text for portability.",,,,
Filler,F6,Animal shelter medication room,D-E- filler,D-,E-,explicit role-based restriction,ruled out by continuous direct observation,present stative,P1,N-E-D,E-D-N,"Samuel is visiting an animal shelter today to meet a cat he may adopt. A staff member has stayed with Samuel in the adoption room continuously since he arrived. The medication room is reserved for shelter employees and veterinarians, while Samuel is signed in as a visitor.","A staff member has stayed with Samuel in the adoption room continuously since he arrived. The medication room is reserved for shelter employees and veterinarians, while Samuel is signed in as a visitor. Samuel is visiting an animal shelter today to meet a cat he may adopt.",Samuel dax be in the medication room now.,It is mip for Samuel to be in the medication room now.,Samuel may be in the medication room now.,It is possible for Samuel to be in the medication room now.,"According to the rules or permissions described in the story, is Samuel permitted to be in the medication room?","Based on the information described in the story, is it possible that Samuel is in the medication room now?","Definitely about whether Samuel is permitted to be in the medication room, according to the rules or permissions","Definitely about whether Samuel is in the medication room now, based on the available information",Yes | No | The story does not say,Yes | No,1–7 scale between the deontic and epistemic reading endpoints; 4 = Both interpretations fit equally well | Separate option: Neither interpretation fits,D-,E-,Reject under both deontic and epistemic interpretations.,"The same context order version should be used for context-only and whole-scenario norming for a given participant/list. Filler candidate: D and E converge, so the item should not diagnose flavor assignment. In the experiment UI, bold the phrase 'information' in epistemic questions and 'rules or permissions' in deontic questions; the CSV keeps plain text for portability.",,,,
Filler,F7,Kayak boathouse equipment bay,D+E+ filler,D+,E+,explicit registration-based permission,positively supported by an assigned and confirmed task,future eventive,P2,D-N-E,N-D-E,"Leah's course registration includes use of the equipment bay. Leah is taking a kayaking course at a boathouse tomorrow. The instructor assigned Leah to pick up the group's paddles there before class, and Leah confirmed that task.","Leah is taking a kayaking course at a boathouse tomorrow. Leah's course registration includes use of the equipment bay. The instructor assigned Leah to pick up the group's paddles there before class, and Leah confirmed that task.",Leah dax go into the equipment bay tomorrow morning.,It is mip for Leah to go into the equipment bay tomorrow morning.,Leah may go into the equipment bay tomorrow morning.,It is possible for Leah to go into the equipment bay tomorrow morning.,"According to the rules or permissions described in the story, is Leah permitted to go into the equipment bay tomorrow morning?","Based on the information described in the story, is it possible that Leah will go into the equipment bay tomorrow morning?","Definitely about whether Leah is permitted to go into the equipment bay tomorrow morning, according to the rules or permissions","Definitely about whether Leah will go into the equipment bay tomorrow morning, based on the available information",Yes | No | The story does not say,Yes | No,1–7 scale between the deontic and epistemic reading endpoints; 4 = Both interpretations fit equally well | Separate option: Neither interpretation fits,D+,E+,Accept under both deontic and epistemic interpretations.,"The same context order version should be used for context-only and whole-scenario norming for a given participant/list. Filler candidate: D and E converge, so the item should not diagnose flavor assignment. In the experiment UI, bold the phrase 'information' in epistemic questions and 'rules or permissions' in deontic questions; the CSV keeps plain text for portability.",,,,
Filler,F8,Warehouse loading bay,D-E- filler,D-,E-,explicit worker-only restriction,ruled out by a continuous escort record,past perfect,P3,E-N-D,D-E-N,"Colin's escort log shows that he remained with the office tour group for the entire visit. Colin toured a distribution warehouse yesterday as part of an office visit. The loading bay is restricted to warehouse workers, while Colin had a visitor badge.","The loading bay is restricted to warehouse workers, while Colin had a visitor badge. Colin's escort log shows that he remained with the office tour group for the entire visit. Colin toured a distribution warehouse yesterday as part of an office visit.",Colin dax have gone into the loading bay.,It is mip for Colin to have gone into the loading bay.,Colin may have gone into the loading bay.,It is possible for Colin to have gone into the loading bay.,"According to the rules or permissions described in the story, was Colin permitted to go into the loading bay?","Based on the information described in the story, is it possible that Colin went into the loading bay?","Definitely about whether Colin was permitted to go into the loading bay, according to the rules or permissions","Definitely about whether Colin went into the loading bay, based on the available information",Yes | No | The story does not say,Yes | No,1–7 scale between the deontic and epistemic reading endpoints; 4 = Both interpretations fit equally well | Separate option: Neither interpretation fits,D-,E-,Reject under both deontic and epistemic interpretations.,"The same context order version should be used for context-only and whole-scenario norming for a given participant/list. Filler candidate: D and E converge, so the item should not diagnose flavor assignment. In the experiment UI, bold the phrase 'information' in epistemic questions and 'rules or permissions' in deontic questions; the CSV keeps plain text for portability.",,,,
