,phase,item_id,domain,temporal_orientation,order,context_order,whole_scenario_response,whole_scenario_question,whole_scenario_deontic_reading,whole_scenario_epistemic_reading,expected_whole_scenario_deontic_interpretation,expected_whole_scenario_epistemic_interpretation,syntax,response_type,group,left_interpretation,right_interpretation,scale_order
0,Training,T1,Museum entrance,future eventive,N-D,Lina is visiting a history museum tomorrow for a class project. Lina has a green visitor badge that is valid at both the main entrance and the side entrance.,Lina may use the side entrance tomorrow.,Which interpretation better matches what the speaker is talking about?,About whether Lina using the side entrance tomorrow is allowed by the rules or permissions,About whether Lina using the side entrance tomorrow is consistent with the available information,Expected root/deontic interpretation,Expected non-epistemic interpretation,Declarative,possible,1,About whether Lina using the side entrance tomorrow is allowed by the <span style='color:#C62828'>rules or permissions</span>,About whether Lina using the side entrance tomorrow is consistent with the <span style='color:#1565C0'>available information</span>,deontic-epistemic
1,Training,T1,Museum entrance,past perfect / present progressive or stative,N-E,"Lina visited a history museum this morning for a class project. Lina's classmate knows she entered through either the main entrance or the side entrance, but did not see which one.",Lina may have used the side entrance.,Which interpretation better matches what the speaker is talking about?,About whether Lina using the side entrance earlier was allowed by the rules or permissions,About whether Lina using the side entrance earlier is consistent with the available information,Expected non-deontic interpretation,Expected epistemic interpretation,Declarative,possible,2,About whether Lina using the side entrance earlier was allowed by the <span style='color:#C62828'>rules or permissions</span>,About whether Lina using the side entrance earlier is consistent with the <span style='color:#1565C0'>available information</span>,deontic-epistemic
2,Training,T2,Library rooms,future eventive,N-D,Priya is doing research at the library tomorrow. Priya's researcher card lists both the reading room and the map room.,Which room may Priya work in tomorrow?,Which interpretation better matches what the speaker is asking about?,About which room her working in tomorrow is allowed by the rules or permissions,About which room her working in tomorrow is consistent with the available information,Expected root/deontic interpretation,Expected non-epistemic interpretation,Wh-question,possible,2,About which room her working in tomorrow is allowed by the <span style='color:#C62828'>rules or permissions</span>,About which room her working in tomorrow is consistent with the <span style='color:#1565C0'>available information</span>,deontic-epistemic
3,Training,T2,Library rooms,past perfect / present progressive or stative,N-E,Priya is doing research at the library right now. Priya's classmate knows she is in either the reading room or the map room but has not found her yet.,Which room may Priya be working in now?,Which interpretation better matches what the speaker is asking about?,About which room her working in now is allowed by the rules or permissions,About which room her working in now is consistent with the available information,Expected non-deontic interpretation,Expected epistemic interpretation,Wh-question,possible,1,About which room her working in now is allowed by the <span style='color:#C62828'>rules or permissions</span>,About which room her working in now is consistent with the <span style='color:#1565C0'>available information</span>,deontic-epistemic
4,Training,T3,Community center,future eventive,N-D,Nora is going to the community center this afternoon. Nora's membership includes both the swimming pool and the climbing area.,Nora may use the pool this afternoon.,Which interpretation better matches what the speaker is talking about?,About whether Nora using the pool this afternoon is allowed by the rules or permissions,About whether Nora using the pool this afternoon is consistent with the available information,Expected root/deontic interpretation,Expected non-epistemic interpretation,Declarative,possible,1,About whether Nora using the pool this afternoon is allowed by the <span style='color:#C62828'>rules or permissions</span>,About whether Nora using the pool this afternoon is consistent with the <span style='color:#1565C0'>available information</span>,deontic-epistemic
5,Training,T3,Community center,past perfect / present progressive or stative,N-E,"Nora is at the community center right now. The front desk knows Nora chose either swimming or climbing, but her activity was not recorded.",Nora may be swimming now.,Which interpretation better matches what the speaker is talking about?,About whether Nora swimming now is allowed by the rules or permissions,About whether Nora swimming now is consistent with the available information,Expected non-deontic interpretation,Expected epistemic interpretation,Declarative,possible,2,About whether Nora swimming now is allowed by the <span style='color:#C62828'>rules or permissions</span>,About whether Nora swimming now is consistent with the <span style='color:#1565C0'>available information</span>,deontic-epistemic
6,Training,T4,Train,future eventive,N-D,Kai is traveling home tomorrow. Kai's flexible ticket is valid on both the 3:15 train and the 4:00 train.,Which train may Kai take tomorrow?,Which interpretation better matches what the speaker is asking about?,About which train him taking tomorrow is allowed by the rules or permissions,About which train him taking tomorrow is consistent with the available information,Expected root/deontic interpretation,Expected non-epistemic interpretation,Wh-question,possible,2,About which train him taking tomorrow is allowed by the <span style='color:#C62828'>rules or permissions</span>,About which train him taking tomorrow is consistent with the <span style='color:#1565C0'>available information</span>,deontic-epistemic
7,Training,T4,Train,past perfect / present progressive or stative,N-E,Kai traveled home earlier today. Kai's friend knows he took either the 3:15 train or the 4:00 train but has not heard which one.,Which train may Kai have taken?,Which interpretation better matches what the speaker is asking about?,About which train him having taken earlier is allowed by the rules or permissions,About which train him having taken earlier is consistent with the available information,Expected non-deontic interpretation,Expected epistemic interpretation,Wh-question,possible,1,About which train him having taken earlier is allowed by the <span style='color:#C62828'>rules or permissions</span>,About which train him having taken earlier is consistent with the <span style='color:#1565C0'>available information</span>,deontic-epistemic
8,Training,T5,Parking,future eventive,N-D,Omar is driving to a concert tomorrow. Omar's parking sticker covers both the north lot and the west lot.,May Omar park in the west lot tomorrow?,Which interpretation better matches what the speaker is talking about?,About whether Omar parking in the west lot tomorrow is allowed by the rules or permissions,About whether Omar parking in the west lot tomorrow is consistent with the available information,Expected root/deontic interpretation,Expected non-epistemic interpretation,Yes/no inversion,possible,1,About whether Omar parking in the west lot tomorrow is allowed by the <span style='color:#C62828'>rules or permissions</span>,About whether Omar parking in the west lot tomorrow is consistent with the <span style='color:#1565C0'>available information</span>,deontic-epistemic
9,Training,T5,Parking,past perfect / present progressive or stative,N-E,"Omar drove to a concert earlier today. Omar's friends know his car is in either the north lot or the west lot, but they have not located it yet.",May Omar be parked in the west lot now?,Which interpretation better matches what the speaker is talking about?,About whether Omar being parked in the west lot now is allowed by the rules or permissions,About whether Omar being parked in the west lot now is consistent with the available information,Expected non-deontic interpretation,Expected epistemic interpretation,Yes/no inversion,possible,2,About whether Omar being parked in the west lot now is allowed by the <span style='color:#C62828'>rules or permissions</span>,About whether Omar being parked in the west lot now is consistent with the <span style='color:#1565C0'>available information</span>,deontic-epistemic
10,Training,T6,Theater,future eventive,N-D,Maya is going to a play tonight with her drama club. Maya's silver ticket is accepted in either the main-floor section or the balcony.,May Maya sit in the balcony tonight?,Which interpretation better matches what the speaker is talking about?,About whether Maya sitting in the balcony tonight is allowed by the rules or permissions,About whether Maya sitting in the balcony tonight is consistent with the available information,Expected root/deontic interpretation,Expected non-epistemic interpretation,Yes/no inversion,possible,2,About whether Maya sitting in the balcony tonight is allowed by the <span style='color:#C62828'>rules or permissions</span>,About whether Maya sitting in the balcony tonight is consistent with the <span style='color:#1565C0'>available information</span>,deontic-epistemic
11,Training,T6,Theater,past perfect / present progressive or stative,N-E,Maya is watching a play right now with her drama club. Maya's friends know her seat is either on the main floor or in the balcony but cannot see her from where they are sitting.,May Maya be sitting in the balcony now?,Which interpretation better matches what the speaker is talking about?,About whether Maya sitting in the balcony now is allowed by the rules or permissions,About whether Maya sitting in the balcony now is consistent with the available information,Expected non-deontic interpretation,Expected epistemic interpretation,Yes/no inversion,possible,1,About whether Maya sitting in the balcony now is allowed by the <span style='color:#C62828'>rules or permissions</span>,About whether Maya sitting in the balcony now is consistent with the <span style='color:#1565C0'>available information</span>,deontic-epistemic
12,Training,T7,Art studio,future eventive,N-D,"Eli is taking an art workshop tomorrow. Eli completed the advanced course last month, which qualifies him to use both the ceramics studio and the print room.",Eli may use the print room tomorrow.,Which interpretation better matches what the speaker is talking about?,About whether Eli using the print room tomorrow is allowed by the rules or permissions,About whether Eli using the print room tomorrow is consistent with the available information,Expected root/deontic interpretation,Expected non-epistemic interpretation,Declarative,possible,1,About whether Eli using the print room tomorrow is allowed by the <span style='color:#C62828'>rules or permissions</span>,About whether Eli using the print room tomorrow is consistent with the <span style='color:#1565C0'>available information</span>,deontic-epistemic
13,Training,T7,Art studio,past perfect / present progressive or stative,N-E,Eli attended an art workshop this morning. The instructor knows Eli spent the second half of class either in the ceramics studio or in the print room but does not remember which.,Eli may have worked in the print room this morning.,Which interpretation better matches what the speaker is talking about?,About whether Eli working in the print room this morning was allowed by the rules or permissions,About whether Eli working in the print room this morning is consistent with the available information,Expected non-deontic interpretation,Expected epistemic interpretation,Declarative,possible,2,About whether Eli working in the print room this morning was allowed by the <span style='color:#C62828'>rules or permissions</span>,About whether Eli working in the print room this morning is consistent with the <span style='color:#1565C0'>available information</span>,deontic-epistemic
14,Training,T8,Ferry,future eventive,N-D,"Sofia is taking a ferry tomorrow for a family trip. Sofia's ticket is marked “all decks,” including both the lower and upper decks.",Which deck may Sofia sit on tomorrow?,Which interpretation better matches what the speaker is asking about?,About which deck her sitting on tomorrow is allowed by the rules or permissions,About which deck her sitting on tomorrow is consistent with the available information,Expected root/deontic interpretation,Expected non-epistemic interpretation,Wh-question,possible,2,About which deck her sitting on tomorrow is allowed by the <span style='color:#C62828'>rules or permissions</span>,About which deck her sitting on tomorrow is consistent with the <span style='color:#1565C0'>available information</span>,deontic-epistemic
15,Training,T8,Ferry,past perfect / present progressive or stative,N-E,"Sofia is on the ferry right now. Sofia's family knows she chose either the lower deck or the upper deck, but they have not found her yet.",Which deck may Sofia be sitting on now?,Which interpretation better matches what the speaker is asking about?,About which deck her sitting on now is allowed by the rules or permissions,About which deck her sitting on now is consistent with the available information,Expected non-deontic interpretation,Expected epistemic interpretation,Wh-question,possible,1,About which deck her sitting on now is allowed by the <span style='color:#C62828'>rules or permissions</span>,About which deck her sitting on now is consistent with the <span style='color:#1565C0'>available information</span>,deontic-epistemic
16,Training,T9,Festival gate,future eventive,N-D,Mateo is going to a music festival tonight. Mateo's staff wristband is valid at both the north gate and the south gate.,May Mateo enter through the south gate tonight?,Which interpretation better matches what the speaker is talking about?,About whether Mateo entering through the south gate tonight is allowed by the rules or permissions,About whether Mateo entering through the south gate tonight is consistent with the available information,Expected root/deontic interpretation,Expected non-epistemic interpretation,Yes/no inversion,possible,1,About whether Mateo entering through the south gate tonight is allowed by the <span style='color:#C62828'>rules or permissions</span>,About whether Mateo entering through the south gate tonight is consistent with the <span style='color:#1565C0'>available information</span>,deontic-epistemic
17,Training,T9,Festival gate,past perfect / present progressive or stative,N-E,"Mateo arrived at a music festival earlier tonight. Mateo's friends know he entered through either the north gate or the south gate, but no one saw him arrive.",May Mateo have entered through the south gate?,Which interpretation better matches what the speaker is talking about?,About whether Mateo entering through the south gate earlier was allowed by the rules or permissions,About whether Mateo entering through the south gate earlier is consistent with the available information,Expected non-deontic interpretation,Expected epistemic interpretation,Yes/no inversion,possible,2,About whether Mateo entering through the south gate earlier was allowed by the <span style='color:#C62828'>rules or permissions</span>,About whether Mateo entering through the south gate earlier is consistent with the <span style='color:#1565C0'>available information</span>,deontic-epistemic
18,Training,T10,Workshop equipment,future eventive,N-D,Ben is working in a community workshop tomorrow. Ben's safety certificate lists both the power drill and the laser cutter.,Which tool may Ben use tomorrow?,Which interpretation better matches what the speaker is asking about?,About which tool him using tomorrow is allowed by the rules or permissions,About which tool him using tomorrow is consistent with the available information,Expected root/deontic interpretation,Expected non-epistemic interpretation,Wh-question,possible,2,About which tool him using tomorrow is allowed by the <span style='color:#C62828'>rules or permissions</span>,About which tool him using tomorrow is consistent with the <span style='color:#1565C0'>available information</span>,deontic-epistemic
19,Training,T10,Workshop equipment,past perfect / present progressive or stative,N-E,Ben is working in a community workshop right now. Ben's coworker knows his project uses either the power drill or the laser cutter but cannot see which machine he chose.,Which tool may Ben be using now?,Which interpretation better matches what the speaker is asking about?,About which tool him using now is allowed by the rules or permissions,About which tool him using now is consistent with the available information,Expected non-deontic interpretation,Expected epistemic interpretation,Wh-question,possible,1,About which tool him using now is allowed by the <span style='color:#C62828'>rules or permissions</span>,About which tool him using now is consistent with the <span style='color:#1565C0'>available information</span>,deontic-epistemic
20,Training,T11,Community kitchen,future eventive,N-D,"Nina is volunteering at a community center tomorrow. Nina completed the food-safety course, which qualifies volunteers to work at both the preparation and cooking stations.",May Nina work at the cooking station tomorrow?,Which interpretation better matches what the speaker is talking about?,About whether Nina working at the cooking station tomorrow is allowed by the rules or permissions,About whether Nina working at the cooking station tomorrow is consistent with the available information,Expected root/deontic interpretation,Expected non-epistemic interpretation,Yes/no inversion,possible,1,About whether Nina working at the cooking station tomorrow is allowed by the <span style='color:#C62828'>rules or permissions</span>,About whether Nina working at the cooking station tomorrow is consistent with the <span style='color:#1565C0'>available information</span>,deontic-epistemic
21,Training,T11,Community kitchen,past perfect / present progressive or stative,N-E,Nina is volunteering at the community center right now. Nina's coordinator knows she was assigned either to food preparation or to cooking but has not checked which station she is at.,May Nina be working at the cooking station now?,Which interpretation better matches what the speaker is talking about?,About whether Nina working at the cooking station now is allowed by the rules or permissions,About whether Nina working at the cooking station now is consistent with the available information,Expected non-deontic interpretation,Expected epistemic interpretation,Yes/no inversion,possible,2,About whether Nina working at the cooking station now is allowed by the <span style='color:#C62828'>rules or permissions</span>,About whether Nina working at the cooking station now is consistent with the <span style='color:#1565C0'>available information</span>,deontic-epistemic
22,Training,T12,College lab,future eventive,N-D,Daniel is doing an experiment tomorrow. Daniel's new safety qualification covers both Lab A and Lab B.,Daniel may work in Lab B tomorrow.,Which interpretation better matches what the speaker is talking about?,About whether Daniel working in Lab B tomorrow is allowed by the rules or permissions,About whether Daniel working in Lab B tomorrow is consistent with the available information,Expected root/deontic interpretation,Expected non-epistemic interpretation,Declarative,possible,2,About whether Daniel working in Lab B tomorrow is allowed by the <span style='color:#C62828'>rules or permissions</span>,About whether Daniel working in Lab B tomorrow is consistent with the <span style='color:#1565C0'>available information</span>,deontic-epistemic
23,Training,T12,College lab,past perfect / present progressive or stative,N-E,"Daniel is doing an experiment right now. Daniel's supervisor knows he is in either Lab A or Lab B, but the room log has not been updated.",Daniel may be in Lab B now.,Which interpretation better matches what the speaker is talking about?,About whether Daniel being in Lab B now is allowed by the rules or permissions,About whether Daniel being in Lab B now is consistent with the available information,Expected non-deontic interpretation,Expected epistemic interpretation,Declarative,possible,1,About whether Daniel being in Lab B now is allowed by the <span style='color:#C62828'>rules or permissions</span>,About whether Daniel being in Lab B now is consistent with the <span style='color:#1565C0'>available information</span>,deontic-epistemic
24,Critical Test,C1,Zoo animal-care room,past perfect,N-E-D,"Aisha is photographing exhibits at the zoo for a biology assignment. Aisha's classmates lost track of her after lunch, and the hallway camera near the animal-care room is being serviced. The animal-care room is reserved for zoo staff, while Aisha has a regular visitor wristband.",Aisha may have gone into the animal-care room.,Which interpretation better matches what the speaker is talking about?,About whether Aisha going into the animal-care room earlier was allowed by the rules or permissions,About whether Aisha going into the animal-care room earlier is consistent with the available information,,,,possible,1,About whether Aisha going into the animal-care room earlier was allowed by the <span style='color:#C62828'>rules or permissions</span>,About whether Aisha going into the animal-care room earlier is consistent with the <span style='color:#1565C0'>available information</span>,deontic-epistemic
25,Critical Test,C1,Zoo animal-care room,future eventive,D-N-E,"Aisha's volunteer credential permits her to work in the animal-care room. Aisha is volunteering at the zoo tomorrow as part of a conservation program. The finalized duty schedule assigns Aisha to the education kiosk for her entire shift, and her coordinator confirmed that assignment with her.",Aisha may work in the animal-care room tomorrow.,Which interpretation better matches what the speaker is talking about?,About whether Aisha working in the animal-care room tomorrow is allowed by the rules or permissions,About whether Aisha working in the animal-care room tomorrow is consistent with the available information,,,,possible,2,About whether Aisha working in the animal-care room tomorrow is allowed by the <span style='color:#C62828'>rules or permissions</span>,About whether Aisha working in the animal-care room tomorrow is consistent with the <span style='color:#1565C0'>available information</span>,deontic-epistemic
26,Critical Test,C2,University observatory,present progressive,E-N-D,"The other club members cannot find Theo right now, and the control-room door sensor is temporarily offline. Theo is at the university observatory with the astronomy club tonight. The telescope control room is reserved for trained operators, and Theo has not completed the operator course.",Theo may be working in the telescope control room now.,Which interpretation better matches what the speaker is talking about?,About whether Theo working in the telescope control room now is allowed by the rules or permissions,About whether Theo working in the telescope control room now is consistent with the available information,,,,possible,2,About whether Theo working in the telescope control room now is allowed by the <span style='color:#C62828'>rules or permissions</span>,About whether Theo working in the telescope control room now is consistent with the <span style='color:#1565C0'>available information</span>,deontic-epistemic
27,Critical Test,C2,University observatory,future eventive,N-E-D,"Theo is helping with a public astronomy night at the observatory tomorrow. The final volunteer roster assigns Theo to greet visitors at the entrance for the entire event, and he confirmed that shift. He completed the operator course last month, so he is authorized to use the telescope control room.",Theo may work in the telescope control room tomorrow night.,Which interpretation better matches what the speaker is talking about?,About whether Theo working in the telescope control room tomorrow night is allowed by the rules or permissions,About whether Theo working in the telescope control room tomorrow night is consistent with the available information,,,,possible,1,About whether Theo working in the telescope control room tomorrow night is allowed by the <span style='color:#C62828'>rules or permissions</span>,About whether Theo working in the telescope control room tomorrow night is consistent with the <span style='color:#1565C0'>available information</span>,deontic-epistemic
28,Critical Test,C3,Student film studio,past perfect,D-N-E,"The sound-mixing suite is reserved for post-production staff, while Grace is registered as part of the camera crew. Grace spent the morning at a student film studio working on a documentary. The production log has a gap during the lunch break, and Grace's teammates do not know where she went.",Grace may have gone into the sound-mixing suite.,Which interpretation better matches what the speaker is talking about?,About whether Grace going into the sound-mixing suite earlier was allowed by the rules or permissions,About whether Grace going into the sound-mixing suite earlier is consistent with the available information,,,,possible,1,About whether Grace going into the sound-mixing suite earlier was allowed by the <span style='color:#C62828'>rules or permissions</span>,About whether Grace going into the sound-mixing suite earlier is consistent with the <span style='color:#1565C0'>available information</span>,deontic-epistemic
29,Critical Test,C3,Student film studio,future eventive,E-N-D,"The locked shooting schedule assigns Grace to an outdoor location for the entire afternoon, and she confirmed the assignment today. Grace is returning to the film studio tomorrow for another production day. Grace has received an all-area crew badge that includes the sound-mixing suite.",Grace may use the sound-mixing suite tomorrow afternoon.,Which interpretation better matches what the speaker is talking about?,About whether Grace using the sound-mixing suite tomorrow afternoon is allowed by the rules or permissions,About whether Grace using the sound-mixing suite tomorrow afternoon is consistent with the available information,,,,possible,2,About whether Grace using the sound-mixing suite tomorrow afternoon is allowed by the <span style='color:#C62828'>rules or permissions</span>,About whether Grace using the sound-mixing suite tomorrow afternoon is consistent with the <span style='color:#1565C0'>available information</span>,deontic-epistemic
30,Critical Test,C4,Hotel rooftop lounge,present stative,N-E-D,"Jordan is attending a conference at a downtown hotel today. Jordan's colleague cannot find them after lunch, and the elevator logs are unavailable during a system outage. The rooftop lounge is reserved for guests staying on the executive floors, while Jordan has a standard room.",Jordan may be in the rooftop lounge now.,Which interpretation better matches what the speaker is talking about?,About whether Jordan being in the rooftop lounge now is allowed by the rules or permissions,About whether Jordan being in the rooftop lounge now is consistent with the available information,,,,possible,2,About whether Jordan being in the rooftop lounge now is allowed by the <span style='color:#C62828'>rules or permissions</span>,About whether Jordan being in the rooftop lounge now is consistent with the <span style='color:#1565C0'>available information</span>,deontic-epistemic
31,Critical Test,C4,Hotel rooftop lounge,future eventive,D-N-E,"The hotel upgraded Jordan to an executive-floor room, which includes use of the rooftop lounge. Jordan is staying at the same hotel for the conference tomorrow. Jordan's final conference program has them presenting throughout the lounge's afternoon opening hours, and the session chair confirmed the schedule.",Jordan may sit in the rooftop lounge tomorrow afternoon.,Which interpretation better matches what the speaker is talking about?,About whether Jordan sitting in the rooftop lounge tomorrow afternoon is allowed by the rules or permissions,About whether Jordan sitting in the rooftop lounge tomorrow afternoon is consistent with the available information,,,,possible,1,About whether Jordan sitting in the rooftop lounge tomorrow afternoon is allowed by the <span style='color:#C62828'>rules or permissions</span>,About whether Jordan sitting in the rooftop lounge tomorrow afternoon is consistent with the <span style='color:#1565C0'>available information</span>,deontic-epistemic
32,Critical Test,C5,Aquatic center diving area,present progressive,E-N-D,"A teammate saw Chloe walking toward the diving area a few minutes ago, but nobody can see the platform from the pool deck. Chloe is at an aquatic center for swim-club practice this afternoon. The high diving board is reserved for Level 3 swimmers, while Chloe is currently certified at Level 2.",Chloe may be using the high diving board now.,Which interpretation better matches what the speaker is talking about?,About whether Chloe using the high diving board now is allowed by the rules or permissions,About whether Chloe using the high diving board now is consistent with the available information,,,,possible,1,About whether Chloe using the high diving board now is allowed by the <span style='color:#C62828'>rules or permissions</span>,About whether Chloe using the high diving board now is consistent with the <span style='color:#1565C0'>available information</span>,deontic-epistemic
33,Critical Test,C5,Aquatic center diving area,future eventive,N-E-D,"Chloe is returning to the aquatic center for practice tomorrow. The coach's finalized practice plan assigns Chloe to lap swimming for the entire session, and Chloe acknowledged the plan. She passed the Level 3 test this week, so she is now cleared to use the high diving board.",Chloe may use the high diving board tomorrow.,Which interpretation better matches what the speaker is talking about?,About whether Chloe using the high diving board tomorrow is allowed by the rules or permissions,About whether Chloe using the high diving board tomorrow is consistent with the available information,,,,possible,2,About whether Chloe using the high diving board tomorrow is allowed by the <span style='color:#C62828'>rules or permissions</span>,About whether Chloe using the high diving board tomorrow is consistent with the <span style='color:#1565C0'>available information</span>,deontic-epistemic
34,Critical Test,C6,Airport premium lounge,past perfect,D-N-E,"The premium lounge is reserved for business-class passengers, while Marcus was traveling on an economy ticket. Marcus spent several hours at the airport yesterday waiting for a delayed flight. Marcus's friends could not find him for part of the delay, and the lounge entry scanner was temporarily malfunctioning.",Marcus may have waited in the premium lounge.,Which interpretation better matches what the speaker is talking about?,About whether Marcus waiting in the premium lounge earlier was allowed by the rules or permissions,About whether Marcus waiting in the premium lounge earlier is consistent with the available information,,,,possible,2,About whether Marcus waiting in the premium lounge earlier was allowed by the <span style='color:#C62828'>rules or permissions</span>,About whether Marcus waiting in the premium lounge earlier is consistent with the <span style='color:#1565C0'>available information</span>,deontic-epistemic
35,Critical Test,C6,Airport premium lounge,future eventive,E-N-D,"Marcus sent his family a detailed travel plan saying he will go directly from security to his gate, and he confirmed that he will not visit the lounge. Marcus is flying from the same airport again tomorrow. The airline upgraded Marcus to business class, so his ticket now includes the premium lounge.",Marcus may wait in the premium lounge tomorrow.,Which interpretation better matches what the speaker is talking about?,About whether Marcus waiting in the premium lounge tomorrow is allowed by the rules or permissions,About whether Marcus waiting in the premium lounge tomorrow is consistent with the available information,,,,possible,1,About whether Marcus waiting in the premium lounge tomorrow is allowed by the <span style='color:#C62828'>rules or permissions</span>,About whether Marcus waiting in the premium lounge tomorrow is consistent with the <span style='color:#1565C0'>available information</span>,deontic-epistemic
36,Critical Test,C7,College radio station,present progressive,N-E-D,"Elena is visiting the college radio station for a journalism project. The host stepped away to take a phone call and does not know where Elena went, and the hallway camera is turned off. The live recording booth is reserved for station members, while Elena is signed in as a guest.",Elena may be sitting in the live recording booth now.,Which interpretation better matches what the speaker is talking about?,About whether Elena sitting in the live recording booth now is allowed by the rules or permissions,About whether Elena sitting in the live recording booth now is consistent with the available information,,,,possible,1,About whether Elena sitting in the live recording booth now is allowed by the <span style='color:#C62828'>rules or permissions</span>,About whether Elena sitting in the live recording booth now is consistent with the <span style='color:#1565C0'>available information</span>,deontic-epistemic
37,Critical Test,C7,College radio station,future eventive,D-N-E,"Elena's intern badge permits her to use the live recording booth. Elena begins an internship at the radio station tomorrow. The finalized broadcast schedule assigns another intern to the booth and Elena to the front desk for the entire shift, and both assignments were confirmed.",Elena may use the live recording booth tomorrow.,Which interpretation better matches what the speaker is talking about?,About whether Elena using the live recording booth tomorrow is allowed by the rules or permissions,About whether Elena using the live recording booth tomorrow is consistent with the available information,,,,possible,2,About whether Elena using the live recording booth tomorrow is allowed by the <span style='color:#C62828'>rules or permissions</span>,About whether Elena using the live recording booth tomorrow is consistent with the <span style='color:#1565C0'>available information</span>,deontic-epistemic
38,Critical Test,C8,Ski lodge tuning room,past perfect,E-N-D,"Ravi's friends last saw him near the service hallway, and the staff movement log is incomplete for that period. Ravi spent the morning at a ski lodge with several friends. The ski-tuning room is reserved for lodge employees, while Ravi has an ordinary day pass.",Ravi may have gone into the ski-tuning room.,Which interpretation better matches what the speaker is talking about?,About whether Ravi going into the ski-tuning room earlier was allowed by the rules or permissions,About whether Ravi going into the ski-tuning room earlier is consistent with the available information,,,,possible,2,About whether Ravi going into the ski-tuning room earlier was allowed by the <span style='color:#C62828'>rules or permissions</span>,About whether Ravi going into the ski-tuning room earlier is consistent with the <span style='color:#1565C0'>available information</span>,deontic-epistemic
39,Critical Test,C8,Ski lodge tuning room,future eventive,N-E-D,"Ravi is volunteering at a ski race at the lodge tomorrow. The final duty roster assigns Ravi as a course marshal outdoors for the entire event, and he confirmed the assignment. His volunteer credential includes the ski-tuning room.",Ravi may work in the ski-tuning room tomorrow.,Which interpretation better matches what the speaker is talking about?,About whether Ravi working in the ski-tuning room tomorrow is allowed by the rules or permissions,About whether Ravi working in the ski-tuning room tomorrow is consistent with the available information,,,,possible,1,About whether Ravi working in the ski-tuning room tomorrow is allowed by the <span style='color:#C62828'>rules or permissions</span>,About whether Ravi working in the ski-tuning room tomorrow is consistent with the <span style='color:#1565C0'>available information</span>,deontic-epistemic
40,Filler,F1,Ice rink warm-up studio,future eventive,D-N-E,"Tessa's clinic pass includes use of the warm-up studio. Tessa is taking part in a figure-skating clinic tomorrow. Tessa told her coach that she plans to practice there before the first session, and the schedule lists that warm-up period.",Tessa may practice in the warm-up studio tomorrow morning.,Which interpretation better matches what the speaker is talking about?,About whether Tessa practicing in the warm-up studio tomorrow morning is allowed by the rules or permissions,About whether Tessa practicing in the warm-up studio tomorrow morning is consistent with the available information,,,,possible,1,About whether Tessa practicing in the warm-up studio tomorrow morning is allowed by the <span style='color:#C62828'>rules or permissions</span>,About whether Tessa practicing in the warm-up studio tomorrow morning is consistent with the <span style='color:#1565C0'>available information</span>,deontic-epistemic
41,Filler,F2,Cinema projection booth,past perfect,E-N-D,"Security footage shows Amir remained in the auditorium and lobby throughout the screening. Amir attended a film festival at a local cinema yesterday. The projection booth is restricted to cinema employees, while Amir had a standard festival ticket.",Amir may have entered the projection booth.,Which interpretation better matches what the speaker is talking about?,About whether Amir entering the projection booth earlier was allowed by the rules or permissions,About whether Amir entering the projection booth earlier is consistent with the available information,,,,possible,2,About whether Amir entering the projection booth earlier was allowed by the <span style='color:#C62828'>rules or permissions</span>,About whether Amir entering the projection booth earlier is consistent with the <span style='color:#1565C0'>available information</span>,deontic-epistemic
42,Filler,F3,Bakery decorating station,present progressive,N-E-D,"Zoe is helping at a bakery fundraiser this afternoon. A coworker saw Zoe carry a tray of cupcakes to the decorating station a few minutes ago and has not seen her leave. She completed the bakery's food-handling orientation, which qualifies volunteers to use the decorating station.",Zoe may be working at the decorating station now.,Which interpretation better matches what the speaker is talking about?,About whether Zoe working at the decorating station now is allowed by the rules or permissions,About whether Zoe working at the decorating station now is consistent with the available information,,,,possible,2,About whether Zoe working at the decorating station now is allowed by the <span style='color:#C62828'>rules or permissions</span>,About whether Zoe working at the decorating station now is consistent with the <span style='color:#1565C0'>available information</span>,deontic-epistemic
43,Filler,F4,Music school faculty practice room,future eventive,D-N-E,"The faculty practice room is reserved for instructors, while Henry is attending as a guest performer. Henry is attending a piano recital at a music school tomorrow. Henry's finalized recital schedule places him in the main hall throughout the only period when the faculty room is open, and he confirmed the schedule.",Henry may practice in the faculty room tomorrow afternoon.,Which interpretation better matches what the speaker is talking about?,About whether Henry practicing in the faculty room tomorrow afternoon is allowed by the rules or permissions,About whether Henry practicing in the faculty room tomorrow afternoon is consistent with the available information,,,,possible,1,About whether Henry practicing in the faculty room tomorrow afternoon is allowed by the <span style='color:#C62828'>rules or permissions</span>,About whether Henry practicing in the faculty room tomorrow afternoon is consistent with the <span style='color:#1565C0'>available information</span>,deontic-epistemic
44,Filler,F5,Hotel conference suite,past perfect,E-N-D,"June's attendance badge was scanned at Suite B, and a colleague remembers sitting beside her there. June attended a professional workshop at a hotel yesterday. June's registration included the afternoon breakout session in Conference Suite B.",June may have attended the session in Conference Suite B.,Which interpretation better matches what the speaker is talking about?,About whether June attending the session in Conference Suite B earlier was allowed by the rules or permissions,About whether June attending the session in Conference Suite B earlier is consistent with the available information,,,,possible,1,About whether June attending the session in Conference Suite B earlier was allowed by the <span style='color:#C62828'>rules or permissions</span>,About whether June attending the session in Conference Suite B earlier is consistent with the <span style='color:#1565C0'>available information</span>,deontic-epistemic
45,Filler,F6,Animal shelter medication room,present stative,N-E-D,"Samuel is visiting an animal shelter today to meet a cat he may adopt. A staff member has stayed with Samuel in the adoption room continuously since he arrived. The medication room is reserved for shelter employees and veterinarians, while Samuel is signed in as a visitor.",Samuel may be in the medication room now.,Which interpretation better matches what the speaker is talking about?,About whether Samuel being in the medication room now is allowed by the rules or permissions,About whether Samuel being in the medication room now is consistent with the available information,,,,possible,2,About whether Samuel being in the medication room now is allowed by the <span style='color:#C62828'>rules or permissions</span>,About whether Samuel being in the medication room now is consistent with the <span style='color:#1565C0'>available information</span>,deontic-epistemic
46,Filler,F7,Kayak boathouse equipment bay,future eventive,D-N-E,"Leah's course registration includes use of the equipment bay. Leah is taking a kayaking course at a boathouse tomorrow. The instructor assigned Leah to pick up the group's paddles there before class, and Leah confirmed that task.",Leah may go into the equipment bay tomorrow morning.,Which interpretation better matches what the speaker is talking about?,About whether Leah going into the equipment bay tomorrow morning is allowed by the rules or permissions,About whether Leah going into the equipment bay tomorrow morning is consistent with the available information,,,,possible,2,About whether Leah going into the equipment bay tomorrow morning is allowed by the <span style='color:#C62828'>rules or permissions</span>,About whether Leah going into the equipment bay tomorrow morning is consistent with the <span style='color:#1565C0'>available information</span>,deontic-epistemic
47,Filler,F8,Warehouse loading bay,past perfect,E-N-D,"Colin's escort log shows that he remained with the office tour group for the entire visit. Colin toured a distribution warehouse yesterday as part of an office visit. The loading bay is restricted to warehouse workers, while Colin had a visitor badge.",Colin may have gone into the loading bay.,Which interpretation better matches what the speaker is talking about?,About whether Colin going into the loading bay earlier was allowed by the rules or permissions,About whether Colin going into the loading bay earlier is consistent with the available information,,,,possible,1,About whether Colin going into the loading bay earlier was allowed by the <span style='color:#C62828'>rules or permissions</span>,About whether Colin going into the loading bay earlier is consistent with the <span style='color:#1565C0'>available information</span>,deontic-epistemic
0,Training,T1,Museum entrance,future eventive,D-N,Lina has a green visitor badge that is valid at both the main entrance and the side entrance. Lina is visiting a history museum tomorrow for a class project.,Lina may use the side entrance tomorrow.,Which interpretation better matches what the speaker is talking about?,About whether Lina using the side entrance tomorrow is allowed by the rules or permissions,About whether Lina using the side entrance tomorrow is consistent with the available information,Expected root/deontic interpretation,Expected non-epistemic interpretation,Declarative,possible,1,About whether Lina using the side entrance tomorrow is allowed by the <span style='color:#C62828'>rules or permissions</span>,About whether Lina using the side entrance tomorrow is consistent with the <span style='color:#1565C0'>available information</span>,deontic-epistemic
1,Training,T1,Museum entrance,past perfect / present progressive or stative,E-N,"Lina's classmate knows she entered through either the main entrance or the side entrance, but did not see which one. Lina visited a history museum this morning for a class project.",Lina may have used the side entrance.,Which interpretation better matches what the speaker is talking about?,About whether Lina using the side entrance earlier was allowed by the rules or permissions,About whether Lina using the side entrance earlier is consistent with the available information,Expected non-deontic interpretation,Expected epistemic interpretation,Declarative,possible,2,About whether Lina using the side entrance earlier was allowed by the <span style='color:#C62828'>rules or permissions</span>,About whether Lina using the side entrance earlier is consistent with the <span style='color:#1565C0'>available information</span>,deontic-epistemic
2,Training,T2,Library rooms,future eventive,D-N,Priya's researcher card lists both the reading room and the map room. Priya is doing research at the library tomorrow.,Which room may Priya work in tomorrow?,Which interpretation better matches what the speaker is asking about?,About which room her working in tomorrow is allowed by the rules or permissions,About which room her working in tomorrow is consistent with the available information,Expected root/deontic interpretation,Expected non-epistemic interpretation,Wh-question,possible,2,About which room her working in tomorrow is allowed by the <span style='color:#C62828'>rules or permissions</span>,About which room her working in tomorrow is consistent with the <span style='color:#1565C0'>available information</span>,deontic-epistemic
3,Training,T2,Library rooms,past perfect / present progressive or stative,E-N,Priya's classmate knows she is in either the reading room or the map room but has not found her yet. Priya is doing research at the library right now.,Which room may Priya be working in now?,Which interpretation better matches what the speaker is asking about?,About which room her working in now is allowed by the rules or permissions,About which room her working in now is consistent with the available information,Expected non-deontic interpretation,Expected epistemic interpretation,Wh-question,possible,1,About which room her working in now is allowed by the <span style='color:#C62828'>rules or permissions</span>,About which room her working in now is consistent with the <span style='color:#1565C0'>available information</span>,deontic-epistemic
4,Training,T3,Community center,future eventive,D-N,Nora's membership includes both the swimming pool and the climbing area. Nora is going to the community center this afternoon.,Nora may use the pool this afternoon.,Which interpretation better matches what the speaker is talking about?,About whether Nora using the pool this afternoon is allowed by the rules or permissions,About whether Nora using the pool this afternoon is consistent with the available information,Expected root/deontic interpretation,Expected non-epistemic interpretation,Declarative,possible,1,About whether Nora using the pool this afternoon is allowed by the <span style='color:#C62828'>rules or permissions</span>,About whether Nora using the pool this afternoon is consistent with the <span style='color:#1565C0'>available information</span>,deontic-epistemic
5,Training,T3,Community center,past perfect / present progressive or stative,E-N,"The front desk knows Nora chose either swimming or climbing, but her activity was not recorded. Nora is at the community center right now.",Nora may be swimming now.,Which interpretation better matches what the speaker is talking about?,About whether Nora swimming now is allowed by the rules or permissions,About whether Nora swimming now is consistent with the available information,Expected non-deontic interpretation,Expected epistemic interpretation,Declarative,possible,2,About whether Nora swimming now is allowed by the <span style='color:#C62828'>rules or permissions</span>,About whether Nora swimming now is consistent with the <span style='color:#1565C0'>available information</span>,deontic-epistemic
6,Training,T4,Train,future eventive,D-N,Kai's flexible ticket is valid on both the 3:15 train and the 4:00 train. Kai is traveling home tomorrow.,Which train may Kai take tomorrow?,Which interpretation better matches what the speaker is asking about?,About which train him taking tomorrow is allowed by the rules or permissions,About which train him taking tomorrow is consistent with the available information,Expected root/deontic interpretation,Expected non-epistemic interpretation,Wh-question,possible,2,About which train him taking tomorrow is allowed by the <span style='color:#C62828'>rules or permissions</span>,About which train him taking tomorrow is consistent with the <span style='color:#1565C0'>available information</span>,deontic-epistemic
7,Training,T4,Train,past perfect / present progressive or stative,E-N,Kai's friend knows he took either the 3:15 train or the 4:00 train but has not heard which one. Kai traveled home earlier today.,Which train may Kai have taken?,Which interpretation better matches what the speaker is asking about?,About which train him having taken earlier is allowed by the rules or permissions,About which train him having taken earlier is consistent with the available information,Expected non-deontic interpretation,Expected epistemic interpretation,Wh-question,possible,1,About which train him having taken earlier is allowed by the <span style='color:#C62828'>rules or permissions</span>,About which train him having taken earlier is consistent with the <span style='color:#1565C0'>available information</span>,deontic-epistemic
8,Training,T5,Parking,future eventive,D-N,Omar's parking sticker covers both the north lot and the west lot. Omar is driving to a concert tomorrow.,May Omar park in the west lot tomorrow?,Which interpretation better matches what the speaker is talking about?,About whether Omar parking in the west lot tomorrow is allowed by the rules or permissions,About whether Omar parking in the west lot tomorrow is consistent with the available information,Expected root/deontic interpretation,Expected non-epistemic interpretation,Yes/no inversion,possible,1,About whether Omar parking in the west lot tomorrow is allowed by the <span style='color:#C62828'>rules or permissions</span>,About whether Omar parking in the west lot tomorrow is consistent with the <span style='color:#1565C0'>available information</span>,deontic-epistemic
9,Training,T5,Parking,past perfect / present progressive or stative,E-N,"Omar's friends know his car is in either the north lot or the west lot, but they have not located it yet. Omar drove to a concert earlier today.",May Omar be parked in the west lot now?,Which interpretation better matches what the speaker is talking about?,About whether Omar being parked in the west lot now is allowed by the rules or permissions,About whether Omar being parked in the west lot now is consistent with the available information,Expected non-deontic interpretation,Expected epistemic interpretation,Yes/no inversion,possible,2,About whether Omar being parked in the west lot now is allowed by the <span style='color:#C62828'>rules or permissions</span>,About whether Omar being parked in the west lot now is consistent with the <span style='color:#1565C0'>available information</span>,deontic-epistemic
10,Training,T6,Theater,future eventive,D-N,Maya's silver ticket is accepted in either the main-floor section or the balcony. Maya is going to a play tonight with her drama club.,May Maya sit in the balcony tonight?,Which interpretation better matches what the speaker is talking about?,About whether Maya sitting in the balcony tonight is allowed by the rules or permissions,About whether Maya sitting in the balcony tonight is consistent with the available information,Expected root/deontic interpretation,Expected non-epistemic interpretation,Yes/no inversion,possible,2,About whether Maya sitting in the balcony tonight is allowed by the <span style='color:#C62828'>rules or permissions</span>,About whether Maya sitting in the balcony tonight is consistent with the <span style='color:#1565C0'>available information</span>,deontic-epistemic
11,Training,T6,Theater,past perfect / present progressive or stative,E-N,Maya's friends know her seat is either on the main floor or in the balcony but cannot see her from where they are sitting. Maya is watching a play right now with her drama club.,May Maya be sitting in the balcony now?,Which interpretation better matches what the speaker is talking about?,About whether Maya sitting in the balcony now is allowed by the rules or permissions,About whether Maya sitting in the balcony now is consistent with the available information,Expected non-deontic interpretation,Expected epistemic interpretation,Yes/no inversion,possible,1,About whether Maya sitting in the balcony now is allowed by the <span style='color:#C62828'>rules or permissions</span>,About whether Maya sitting in the balcony now is consistent with the <span style='color:#1565C0'>available information</span>,deontic-epistemic
12,Training,T7,Art studio,future eventive,D-N,"Eli completed the advanced course last month, which qualifies him to use both the ceramics studio and the print room. Eli is taking an art workshop tomorrow.",Eli may use the print room tomorrow.,Which interpretation better matches what the speaker is talking about?,About whether Eli using the print room tomorrow is allowed by the rules or permissions,About whether Eli using the print room tomorrow is consistent with the available information,Expected root/deontic interpretation,Expected non-epistemic interpretation,Declarative,possible,1,About whether Eli using the print room tomorrow is allowed by the <span style='color:#C62828'>rules or permissions</span>,About whether Eli using the print room tomorrow is consistent with the <span style='color:#1565C0'>available information</span>,deontic-epistemic
13,Training,T7,Art studio,past perfect / present progressive or stative,E-N,The instructor knows Eli spent the second half of class either in the ceramics studio or in the print room but does not remember which. Eli attended an art workshop this morning.,Eli may have worked in the print room this morning.,Which interpretation better matches what the speaker is talking about?,About whether Eli working in the print room this morning was allowed by the rules or permissions,About whether Eli working in the print room this morning is consistent with the available information,Expected non-deontic interpretation,Expected epistemic interpretation,Declarative,possible,2,About whether Eli working in the print room this morning was allowed by the <span style='color:#C62828'>rules or permissions</span>,About whether Eli working in the print room this morning is consistent with the <span style='color:#1565C0'>available information</span>,deontic-epistemic
14,Training,T8,Ferry,future eventive,D-N,"Sofia's ticket is marked “all decks,” including both the lower and upper decks. Sofia is taking a ferry tomorrow for a family trip.",Which deck may Sofia sit on tomorrow?,Which interpretation better matches what the speaker is asking about?,About which deck her sitting on tomorrow is allowed by the rules or permissions,About which deck her sitting on tomorrow is consistent with the available information,Expected root/deontic interpretation,Expected non-epistemic interpretation,Wh-question,possible,2,About which deck her sitting on tomorrow is allowed by the <span style='color:#C62828'>rules or permissions</span>,About which deck her sitting on tomorrow is consistent with the <span style='color:#1565C0'>available information</span>,deontic-epistemic
15,Training,T8,Ferry,past perfect / present progressive or stative,E-N,"Sofia's family knows she chose either the lower deck or the upper deck, but they have not found her yet. Sofia is on the ferry right now.",Which deck may Sofia be sitting on now?,Which interpretation better matches what the speaker is asking about?,About which deck her sitting on now is allowed by the rules or permissions,About which deck her sitting on now is consistent with the available information,Expected non-deontic interpretation,Expected epistemic interpretation,Wh-question,possible,1,About which deck her sitting on now is allowed by the <span style='color:#C62828'>rules or permissions</span>,About which deck her sitting on now is consistent with the <span style='color:#1565C0'>available information</span>,deontic-epistemic
16,Training,T9,Festival gate,future eventive,D-N,Mateo's staff wristband is valid at both the north gate and the south gate. Mateo is going to a music festival tonight.,May Mateo enter through the south gate tonight?,Which interpretation better matches what the speaker is talking about?,About whether Mateo entering through the south gate tonight is allowed by the rules or permissions,About whether Mateo entering through the south gate tonight is consistent with the available information,Expected root/deontic interpretation,Expected non-epistemic interpretation,Yes/no inversion,possible,1,About whether Mateo entering through the south gate tonight is allowed by the <span style='color:#C62828'>rules or permissions</span>,About whether Mateo entering through the south gate tonight is consistent with the <span style='color:#1565C0'>available information</span>,deontic-epistemic
17,Training,T9,Festival gate,past perfect / present progressive or stative,E-N,"Mateo's friends know he entered through either the north gate or the south gate, but no one saw him arrive. Mateo arrived at a music festival earlier tonight.",May Mateo have entered through the south gate?,Which interpretation better matches what the speaker is talking about?,About whether Mateo entering through the south gate earlier was allowed by the rules or permissions,About whether Mateo entering through the south gate earlier is consistent with the available information,Expected non-deontic interpretation,Expected epistemic interpretation,Yes/no inversion,possible,2,About whether Mateo entering through the south gate earlier was allowed by the <span style='color:#C62828'>rules or permissions</span>,About whether Mateo entering through the south gate earlier is consistent with the <span style='color:#1565C0'>available information</span>,deontic-epistemic
18,Training,T10,Workshop equipment,future eventive,D-N,Ben's safety certificate lists both the power drill and the laser cutter. Ben is working in a community workshop tomorrow.,Which tool may Ben use tomorrow?,Which interpretation better matches what the speaker is asking about?,About which tool him using tomorrow is allowed by the rules or permissions,About which tool him using tomorrow is consistent with the available information,Expected root/deontic interpretation,Expected non-epistemic interpretation,Wh-question,possible,2,About which tool him using tomorrow is allowed by the <span style='color:#C62828'>rules or permissions</span>,About which tool him using tomorrow is consistent with the <span style='color:#1565C0'>available information</span>,deontic-epistemic
19,Training,T10,Workshop equipment,past perfect / present progressive or stative,E-N,Ben's coworker knows his project uses either the power drill or the laser cutter but cannot see which machine he chose. Ben is working in a community workshop right now.,Which tool may Ben be using now?,Which interpretation better matches what the speaker is asking about?,About which tool him using now is allowed by the rules or permissions,About which tool him using now is consistent with the available information,Expected non-deontic interpretation,Expected epistemic interpretation,Wh-question,possible,1,About which tool him using now is allowed by the <span style='color:#C62828'>rules or permissions</span>,About which tool him using now is consistent with the <span style='color:#1565C0'>available information</span>,deontic-epistemic
20,Training,T11,Community kitchen,future eventive,D-N,"Nina completed the food-safety course, which qualifies volunteers to work at both the preparation and cooking stations. Nina is volunteering at a community center tomorrow.",May Nina work at the cooking station tomorrow?,Which interpretation better matches what the speaker is talking about?,About whether Nina working at the cooking station tomorrow is allowed by the rules or permissions,About whether Nina working at the cooking station tomorrow is consistent with the available information,Expected root/deontic interpretation,Expected non-epistemic interpretation,Yes/no inversion,possible,1,About whether Nina working at the cooking station tomorrow is allowed by the <span style='color:#C62828'>rules or permissions</span>,About whether Nina working at the cooking station tomorrow is consistent with the <span style='color:#1565C0'>available information</span>,deontic-epistemic
21,Training,T11,Community kitchen,past perfect / present progressive or stative,E-N,Nina's coordinator knows she was assigned either to food preparation or to cooking but has not checked which station she is at. Nina is volunteering at the community center right now.,May Nina be working at the cooking station now?,Which interpretation better matches what the speaker is talking about?,About whether Nina working at the cooking station now is allowed by the rules or permissions,About whether Nina working at the cooking station now is consistent with the available information,Expected non-deontic interpretation,Expected epistemic interpretation,Yes/no inversion,possible,2,About whether Nina working at the cooking station now is allowed by the <span style='color:#C62828'>rules or permissions</span>,About whether Nina working at the cooking station now is consistent with the <span style='color:#1565C0'>available information</span>,deontic-epistemic
22,Training,T12,College lab,future eventive,D-N,Daniel's new safety qualification covers both Lab A and Lab B. Daniel is doing an experiment tomorrow.,Daniel may work in Lab B tomorrow.,Which interpretation better matches what the speaker is talking about?,About whether Daniel working in Lab B tomorrow is allowed by the rules or permissions,About whether Daniel working in Lab B tomorrow is consistent with the available information,Expected root/deontic interpretation,Expected non-epistemic interpretation,Declarative,possible,2,About whether Daniel working in Lab B tomorrow is allowed by the <span style='color:#C62828'>rules or permissions</span>,About whether Daniel working in Lab B tomorrow is consistent with the <span style='color:#1565C0'>available information</span>,deontic-epistemic
23,Training,T12,College lab,past perfect / present progressive or stative,E-N,"Daniel's supervisor knows he is in either Lab A or Lab B, but the room log has not been updated. Daniel is doing an experiment right now.",Daniel may be in Lab B now.,Which interpretation better matches what the speaker is talking about?,About whether Daniel being in Lab B now is allowed by the rules or permissions,About whether Daniel being in Lab B now is consistent with the available information,Expected non-deontic interpretation,Expected epistemic interpretation,Declarative,possible,1,About whether Daniel being in Lab B now is allowed by the <span style='color:#C62828'>rules or permissions</span>,About whether Daniel being in Lab B now is consistent with the <span style='color:#1565C0'>available information</span>,deontic-epistemic
24,Critical Test,C1,Zoo animal-care room,past perfect,E-D-N,"Aisha's classmates lost track of her after lunch, and the hallway camera near the animal-care room is being serviced. The animal-care room is reserved for zoo staff, while Aisha has a regular visitor wristband. Aisha is photographing exhibits at the zoo for a biology assignment.",Aisha may have gone into the animal-care room.,Which interpretation better matches what the speaker is talking about?,About whether Aisha going into the animal-care room earlier was allowed by the rules or permissions,About whether Aisha going into the animal-care room earlier is consistent with the available information,,,,possible,1,About whether Aisha going into the animal-care room earlier was allowed by the <span style='color:#C62828'>rules or permissions</span>,About whether Aisha going into the animal-care room earlier is consistent with the <span style='color:#1565C0'>available information</span>,deontic-epistemic
25,Critical Test,C1,Zoo animal-care room,future eventive,N-D-E,"Aisha is volunteering at the zoo tomorrow as part of a conservation program. Aisha's volunteer credential permits her to work in the animal-care room. The finalized duty schedule assigns Aisha to the education kiosk for her entire shift, and her coordinator confirmed that assignment with her.",Aisha may work in the animal-care room tomorrow.,Which interpretation better matches what the speaker is talking about?,About whether Aisha working in the animal-care room tomorrow is allowed by the rules or permissions,About whether Aisha working in the animal-care room tomorrow is consistent with the available information,,,,possible,2,About whether Aisha working in the animal-care room tomorrow is allowed by the <span style='color:#C62828'>rules or permissions</span>,About whether Aisha working in the animal-care room tomorrow is consistent with the <span style='color:#1565C0'>available information</span>,deontic-epistemic
26,Critical Test,C2,University observatory,present progressive,D-E-N,"The telescope control room is reserved for trained operators, and Theo has not completed the operator course. The other club members cannot find Theo right now, and the control-room door sensor is temporarily offline. Theo is at the university observatory with the astronomy club tonight.",Theo may be working in the telescope control room now.,Which interpretation better matches what the speaker is talking about?,About whether Theo working in the telescope control room now is allowed by the rules or permissions,About whether Theo working in the telescope control room now is consistent with the available information,,,,possible,2,About whether Theo working in the telescope control room now is allowed by the <span style='color:#C62828'>rules or permissions</span>,About whether Theo working in the telescope control room now is consistent with the <span style='color:#1565C0'>available information</span>,deontic-epistemic
27,Critical Test,C2,University observatory,future eventive,E-D-N,"The final volunteer roster assigns Theo to greet visitors at the entrance for the entire event, and he confirmed that shift. He completed the operator course last month, so he is authorized to use the telescope control room. Theo is helping with a public astronomy night at the observatory tomorrow.",Theo may work in the telescope control room tomorrow night.,Which interpretation better matches what the speaker is talking about?,About whether Theo working in the telescope control room tomorrow night is allowed by the rules or permissions,About whether Theo working in the telescope control room tomorrow night is consistent with the available information,,,,possible,1,About whether Theo working in the telescope control room tomorrow night is allowed by the <span style='color:#C62828'>rules or permissions</span>,About whether Theo working in the telescope control room tomorrow night is consistent with the <span style='color:#1565C0'>available information</span>,deontic-epistemic
28,Critical Test,C3,Student film studio,past perfect,N-D-E,"Grace spent the morning at a student film studio working on a documentary. The sound-mixing suite is reserved for post-production staff, while Grace is registered as part of the camera crew. The production log has a gap during the lunch break, and Grace's teammates do not know where she went.",Grace may have gone into the sound-mixing suite.,Which interpretation better matches what the speaker is talking about?,About whether Grace going into the sound-mixing suite earlier was allowed by the rules or permissions,About whether Grace going into the sound-mixing suite earlier is consistent with the available information,,,,possible,1,About whether Grace going into the sound-mixing suite earlier was allowed by the <span style='color:#C62828'>rules or permissions</span>,About whether Grace going into the sound-mixing suite earlier is consistent with the <span style='color:#1565C0'>available information</span>,deontic-epistemic
29,Critical Test,C3,Student film studio,future eventive,D-E-N,"Grace has received an all-area crew badge that includes the sound-mixing suite. The locked shooting schedule assigns Grace to an outdoor location for the entire afternoon, and she confirmed the assignment today. Grace is returning to the film studio tomorrow for another production day.",Grace may use the sound-mixing suite tomorrow afternoon.,Which interpretation better matches what the speaker is talking about?,About whether Grace using the sound-mixing suite tomorrow afternoon is allowed by the rules or permissions,About whether Grace using the sound-mixing suite tomorrow afternoon is consistent with the available information,,,,possible,2,About whether Grace using the sound-mixing suite tomorrow afternoon is allowed by the <span style='color:#C62828'>rules or permissions</span>,About whether Grace using the sound-mixing suite tomorrow afternoon is consistent with the <span style='color:#1565C0'>available information</span>,deontic-epistemic
30,Critical Test,C4,Hotel rooftop lounge,present stative,E-D-N,"Jordan's colleague cannot find them after lunch, and the elevator logs are unavailable during a system outage. The rooftop lounge is reserved for guests staying on the executive floors, while Jordan has a standard room. Jordan is attending a conference at a downtown hotel today.",Jordan may be in the rooftop lounge now.,Which interpretation better matches what the speaker is talking about?,About whether Jordan being in the rooftop lounge now is allowed by the rules or permissions,About whether Jordan being in the rooftop lounge now is consistent with the available information,,,,possible,2,About whether Jordan being in the rooftop lounge now is allowed by the <span style='color:#C62828'>rules or permissions</span>,About whether Jordan being in the rooftop lounge now is consistent with the <span style='color:#1565C0'>available information</span>,deontic-epistemic
31,Critical Test,C4,Hotel rooftop lounge,future eventive,N-D-E,"Jordan is staying at the same hotel for the conference tomorrow. The hotel upgraded Jordan to an executive-floor room, which includes use of the rooftop lounge. Jordan's final conference program has them presenting throughout the lounge's afternoon opening hours, and the session chair confirmed the schedule.",Jordan may sit in the rooftop lounge tomorrow afternoon.,Which interpretation better matches what the speaker is talking about?,About whether Jordan sitting in the rooftop lounge tomorrow afternoon is allowed by the rules or permissions,About whether Jordan sitting in the rooftop lounge tomorrow afternoon is consistent with the available information,,,,possible,1,About whether Jordan sitting in the rooftop lounge tomorrow afternoon is allowed by the <span style='color:#C62828'>rules or permissions</span>,About whether Jordan sitting in the rooftop lounge tomorrow afternoon is consistent with the <span style='color:#1565C0'>available information</span>,deontic-epistemic
32,Critical Test,C5,Aquatic center diving area,present progressive,D-E-N,"The high diving board is reserved for Level 3 swimmers, while Chloe is currently certified at Level 2. A teammate saw Chloe walking toward the diving area a few minutes ago, but nobody can see the platform from the pool deck. Chloe is at an aquatic center for swim-club practice this afternoon.",Chloe may be using the high diving board now.,Which interpretation better matches what the speaker is talking about?,About whether Chloe using the high diving board now is allowed by the rules or permissions,About whether Chloe using the high diving board now is consistent with the available information,,,,possible,1,About whether Chloe using the high diving board now is allowed by the <span style='color:#C62828'>rules or permissions</span>,About whether Chloe using the high diving board now is consistent with the <span style='color:#1565C0'>available information</span>,deontic-epistemic
33,Critical Test,C5,Aquatic center diving area,future eventive,E-D-N,"The coach's finalized practice plan assigns Chloe to lap swimming for the entire session, and Chloe acknowledged the plan. She passed the Level 3 test this week, so she is now cleared to use the high diving board. Chloe is returning to the aquatic center for practice tomorrow.",Chloe may use the high diving board tomorrow.,Which interpretation better matches what the speaker is talking about?,About whether Chloe using the high diving board tomorrow is allowed by the rules or permissions,About whether Chloe using the high diving board tomorrow is consistent with the available information,,,,possible,2,About whether Chloe using the high diving board tomorrow is allowed by the <span style='color:#C62828'>rules or permissions</span>,About whether Chloe using the high diving board tomorrow is consistent with the <span style='color:#1565C0'>available information</span>,deontic-epistemic
34,Critical Test,C6,Airport premium lounge,past perfect,N-D-E,"Marcus spent several hours at the airport yesterday waiting for a delayed flight. The premium lounge is reserved for business-class passengers, while Marcus was traveling on an economy ticket. Marcus's friends could not find him for part of the delay, and the lounge entry scanner was temporarily malfunctioning.",Marcus may have waited in the premium lounge.,Which interpretation better matches what the speaker is talking about?,About whether Marcus waiting in the premium lounge earlier was allowed by the rules or permissions,About whether Marcus waiting in the premium lounge earlier is consistent with the available information,,,,possible,2,About whether Marcus waiting in the premium lounge earlier was allowed by the <span style='color:#C62828'>rules or permissions</span>,About whether Marcus waiting in the premium lounge earlier is consistent with the <span style='color:#1565C0'>available information</span>,deontic-epistemic
35,Critical Test,C6,Airport premium lounge,future eventive,D-E-N,"The airline upgraded Marcus to business class, so his ticket now includes the premium lounge. Marcus sent his family a detailed travel plan saying he will go directly from security to his gate, and he confirmed that he will not visit the lounge. Marcus is flying from the same airport again tomorrow.",Marcus may wait in the premium lounge tomorrow.,Which interpretation better matches what the speaker is talking about?,About whether Marcus waiting in the premium lounge tomorrow is allowed by the rules or permissions,About whether Marcus waiting in the premium lounge tomorrow is consistent with the available information,,,,possible,1,About whether Marcus waiting in the premium lounge tomorrow is allowed by the <span style='color:#C62828'>rules or permissions</span>,About whether Marcus waiting in the premium lounge tomorrow is consistent with the <span style='color:#1565C0'>available information</span>,deontic-epistemic
36,Critical Test,C7,College radio station,present progressive,E-D-N,"The host stepped away to take a phone call and does not know where Elena went, and the hallway camera is turned off. The live recording booth is reserved for station members, while Elena is signed in as a guest. Elena is visiting the college radio station for a journalism project.",Elena may be sitting in the live recording booth now.,Which interpretation better matches what the speaker is talking about?,About whether Elena sitting in the live recording booth now is allowed by the rules or permissions,About whether Elena sitting in the live recording booth now is consistent with the available information,,,,possible,1,About whether Elena sitting in the live recording booth now is allowed by the <span style='color:#C62828'>rules or permissions</span>,About whether Elena sitting in the live recording booth now is consistent with the <span style='color:#1565C0'>available information</span>,deontic-epistemic
37,Critical Test,C7,College radio station,future eventive,N-D-E,"Elena begins an internship at the radio station tomorrow. Elena's intern badge permits her to use the live recording booth. The finalized broadcast schedule assigns another intern to the booth and Elena to the front desk for the entire shift, and both assignments were confirmed.",Elena may use the live recording booth tomorrow.,Which interpretation better matches what the speaker is talking about?,About whether Elena using the live recording booth tomorrow is allowed by the rules or permissions,About whether Elena using the live recording booth tomorrow is consistent with the available information,,,,possible,2,About whether Elena using the live recording booth tomorrow is allowed by the <span style='color:#C62828'>rules or permissions</span>,About whether Elena using the live recording booth tomorrow is consistent with the <span style='color:#1565C0'>available information</span>,deontic-epistemic
38,Critical Test,C8,Ski lodge tuning room,past perfect,D-E-N,"The ski-tuning room is reserved for lodge employees, while Ravi has an ordinary day pass. Ravi's friends last saw him near the service hallway, and the staff movement log is incomplete for that period. Ravi spent the morning at a ski lodge with several friends.",Ravi may have gone into the ski-tuning room.,Which interpretation better matches what the speaker is talking about?,About whether Ravi going into the ski-tuning room earlier was allowed by the rules or permissions,About whether Ravi going into the ski-tuning room earlier is consistent with the available information,,,,possible,2,About whether Ravi going into the ski-tuning room earlier was allowed by the <span style='color:#C62828'>rules or permissions</span>,About whether Ravi going into the ski-tuning room earlier is consistent with the <span style='color:#1565C0'>available information</span>,deontic-epistemic
39,Critical Test,C8,Ski lodge tuning room,future eventive,E-D-N,"The final duty roster assigns Ravi as a course marshal outdoors for the entire event, and he confirmed the assignment. His volunteer credential includes the ski-tuning room. Ravi is volunteering at a ski race at the lodge tomorrow.",Ravi may work in the ski-tuning room tomorrow.,Which interpretation better matches what the speaker is talking about?,About whether Ravi working in the ski-tuning room tomorrow is allowed by the rules or permissions,About whether Ravi working in the ski-tuning room tomorrow is consistent with the available information,,,,possible,1,About whether Ravi working in the ski-tuning room tomorrow is allowed by the <span style='color:#C62828'>rules or permissions</span>,About whether Ravi working in the ski-tuning room tomorrow is consistent with the <span style='color:#1565C0'>available information</span>,deontic-epistemic
40,Filler,F1,Ice rink warm-up studio,future eventive,N-D-E,"Tessa is taking part in a figure-skating clinic tomorrow. Tessa's clinic pass includes use of the warm-up studio. Tessa told her coach that she plans to practice there before the first session, and the schedule lists that warm-up period.",Tessa may practice in the warm-up studio tomorrow morning.,Which interpretation better matches what the speaker is talking about?,About whether Tessa practicing in the warm-up studio tomorrow morning is allowed by the rules or permissions,About whether Tessa practicing in the warm-up studio tomorrow morning is consistent with the available information,,,,possible,1,About whether Tessa practicing in the warm-up studio tomorrow morning is allowed by the <span style='color:#C62828'>rules or permissions</span>,About whether Tessa practicing in the warm-up studio tomorrow morning is consistent with the <span style='color:#1565C0'>available information</span>,deontic-epistemic
41,Filler,F2,Cinema projection booth,past perfect,D-E-N,"The projection booth is restricted to cinema employees, while Amir had a standard festival ticket. Security footage shows Amir remained in the auditorium and lobby throughout the screening. Amir attended a film festival at a local cinema yesterday.",Amir may have entered the projection booth.,Which interpretation better matches what the speaker is talking about?,About whether Amir entering the projection booth earlier was allowed by the rules or permissions,About whether Amir entering the projection booth earlier is consistent with the available information,,,,possible,2,About whether Amir entering the projection booth earlier was allowed by the <span style='color:#C62828'>rules or permissions</span>,About whether Amir entering the projection booth earlier is consistent with the <span style='color:#1565C0'>available information</span>,deontic-epistemic
42,Filler,F3,Bakery decorating station,present progressive,E-D-N,"A coworker saw Zoe carry a tray of cupcakes to the decorating station a few minutes ago and has not seen her leave. She completed the bakery's food-handling orientation, which qualifies volunteers to use the decorating station. Zoe is helping at a bakery fundraiser this afternoon.",Zoe may be working at the decorating station now.,Which interpretation better matches what the speaker is talking about?,About whether Zoe working at the decorating station now is allowed by the rules or permissions,About whether Zoe working at the decorating station now is consistent with the available information,,,,possible,2,About whether Zoe working at the decorating station now is allowed by the <span style='color:#C62828'>rules or permissions</span>,About whether Zoe working at the decorating station now is consistent with the <span style='color:#1565C0'>available information</span>,deontic-epistemic
43,Filler,F4,Music school faculty practice room,future eventive,N-D-E,"Henry is attending a piano recital at a music school tomorrow. The faculty practice room is reserved for instructors, while Henry is attending as a guest performer. Henry's finalized recital schedule places him in the main hall throughout the only period when the faculty room is open, and he confirmed the schedule.",Henry may practice in the faculty room tomorrow afternoon.,Which interpretation better matches what the speaker is talking about?,About whether Henry practicing in the faculty room tomorrow afternoon is allowed by the rules or permissions,About whether Henry practicing in the faculty room tomorrow afternoon is consistent with the available information,,,,possible,1,About whether Henry practicing in the faculty room tomorrow afternoon is allowed by the <span style='color:#C62828'>rules or permissions</span>,About whether Henry practicing in the faculty room tomorrow afternoon is consistent with the <span style='color:#1565C0'>available information</span>,deontic-epistemic
44,Filler,F5,Hotel conference suite,past perfect,D-E-N,"June's registration included the afternoon breakout session in Conference Suite B. June's attendance badge was scanned at Suite B, and a colleague remembers sitting beside her there. June attended a professional workshop at a hotel yesterday.",June may have attended the session in Conference Suite B.,Which interpretation better matches what the speaker is talking about?,About whether June attending the session in Conference Suite B earlier was allowed by the rules or permissions,About whether June attending the session in Conference Suite B earlier is consistent with the available information,,,,possible,1,About whether June attending the session in Conference Suite B earlier was allowed by the <span style='color:#C62828'>rules or permissions</span>,About whether June attending the session in Conference Suite B earlier is consistent with the <span style='color:#1565C0'>available information</span>,deontic-epistemic
45,Filler,F6,Animal shelter medication room,present stative,E-D-N,"A staff member has stayed with Samuel in the adoption room continuously since he arrived. The medication room is reserved for shelter employees and veterinarians, while Samuel is signed in as a visitor. Samuel is visiting an animal shelter today to meet a cat he may adopt.",Samuel may be in the medication room now.,Which interpretation better matches what the speaker is talking about?,About whether Samuel being in the medication room now is allowed by the rules or permissions,About whether Samuel being in the medication room now is consistent with the available information,,,,possible,2,About whether Samuel being in the medication room now is allowed by the <span style='color:#C62828'>rules or permissions</span>,About whether Samuel being in the medication room now is consistent with the <span style='color:#1565C0'>available information</span>,deontic-epistemic
46,Filler,F7,Kayak boathouse equipment bay,future eventive,N-D-E,"Leah is taking a kayaking course at a boathouse tomorrow. Leah's course registration includes use of the equipment bay. The instructor assigned Leah to pick up the group's paddles there before class, and Leah confirmed that task.",Leah may go into the equipment bay tomorrow morning.,Which interpretation better matches what the speaker is talking about?,About whether Leah going into the equipment bay tomorrow morning is allowed by the rules or permissions,About whether Leah going into the equipment bay tomorrow morning is consistent with the available information,,,,possible,2,About whether Leah going into the equipment bay tomorrow morning is allowed by the <span style='color:#C62828'>rules or permissions</span>,About whether Leah going into the equipment bay tomorrow morning is consistent with the <span style='color:#1565C0'>available information</span>,deontic-epistemic
47,Filler,F8,Warehouse loading bay,past perfect,D-E-N,"The loading bay is restricted to warehouse workers, while Colin had a visitor badge. Colin's escort log shows that he remained with the office tour group for the entire visit. Colin toured a distribution warehouse yesterday as part of an office visit.",Colin may have gone into the loading bay.,Which interpretation better matches what the speaker is talking about?,About whether Colin going into the loading bay earlier was allowed by the rules or permissions,About whether Colin going into the loading bay earlier is consistent with the available information,,,,possible,1,About whether Colin going into the loading bay earlier was allowed by the <span style='color:#C62828'>rules or permissions</span>,About whether Colin going into the loading bay earlier is consistent with the <span style='color:#1565C0'>available information</span>,deontic-epistemic
0,Training,T1,Museum entrance,future eventive,N-D,Lina is visiting a history museum tomorrow for a class project. Lina has a green visitor badge that is valid at both the main entrance and the side entrance.,It is possible for Lina to use the side entrance tomorrow.,Which interpretation better matches what the speaker is talking about?,About whether Lina using the side entrance tomorrow is allowed by the rules or permissions,About whether Lina using the side entrance tomorrow is consistent with the available information,Expected root/deontic interpretation,Expected non-epistemic interpretation,Declarative,,3,About whether Lina using the side entrance tomorrow is allowed by the <span style='color:#C62828'>rules or permissions</span>,About whether Lina using the side entrance tomorrow is consistent with the <span style='color:#1565C0'>available information</span>,deontic-epistemic
1,Training,T1,Museum entrance,past perfect / present progressive or stative,N-E,"Lina visited a history museum this morning for a class project. Lina's classmate knows she entered through either the main entrance or the side entrance, but did not see which one.",It is possible for Lina to have used the side entrance.,Which interpretation better matches what the speaker is talking about?,About whether Lina using the side entrance earlier was allowed by the rules or permissions,About whether Lina using the side entrance earlier is consistent with the available information,Expected non-deontic interpretation,Expected epistemic interpretation,Declarative,,4,About whether Lina using the side entrance earlier was allowed by the <span style='color:#C62828'>rules or permissions</span>,About whether Lina using the side entrance earlier is consistent with the <span style='color:#1565C0'>available information</span>,deontic-epistemic
2,Training,T2,Library rooms,future eventive,N-D,Priya is doing research at the library tomorrow. Priya's researcher card lists both the reading room and the map room.,Which room is it possible for Priya to work in tomorrow?,Which interpretation better matches what the speaker is asking about?,About which room her working in tomorrow is allowed by the rules or permissions,About which room her working in tomorrow is consistent with the available information,Expected root/deontic interpretation,Expected non-epistemic interpretation,Wh-question,,4,About which room her working in tomorrow is allowed by the <span style='color:#C62828'>rules or permissions</span>,About which room her working in tomorrow is consistent with the <span style='color:#1565C0'>available information</span>,deontic-epistemic
3,Training,T2,Library rooms,past perfect / present progressive or stative,N-E,Priya is doing research at the library right now. Priya's classmate knows she is in either the reading room or the map room but has not found her yet.,Which room is it possible for Priya to be working in now?,Which interpretation better matches what the speaker is asking about?,About which room her working in now is allowed by the rules or permissions,About which room her working in now is consistent with the available information,Expected non-deontic interpretation,Expected epistemic interpretation,Wh-question,,3,About which room her working in now is allowed by the <span style='color:#C62828'>rules or permissions</span>,About which room her working in now is consistent with the <span style='color:#1565C0'>available information</span>,deontic-epistemic
4,Training,T3,Community center,future eventive,N-D,Nora is going to the community center this afternoon. Nora's membership includes both the swimming pool and the climbing area.,It is possible for Nora to use the pool this afternoon.,Which interpretation better matches what the speaker is talking about?,About whether Nora using the pool this afternoon is allowed by the rules or permissions,About whether Nora using the pool this afternoon is consistent with the available information,Expected root/deontic interpretation,Expected non-epistemic interpretation,Declarative,,3,About whether Nora using the pool this afternoon is allowed by the <span style='color:#C62828'>rules or permissions</span>,About whether Nora using the pool this afternoon is consistent with the <span style='color:#1565C0'>available information</span>,deontic-epistemic
5,Training,T3,Community center,past perfect / present progressive or stative,N-E,"Nora is at the community center right now. The front desk knows Nora chose either swimming or climbing, but her activity was not recorded.",It is possible for Nora to be swimming now.,Which interpretation better matches what the speaker is talking about?,About whether Nora swimming now is allowed by the rules or permissions,About whether Nora swimming now is consistent with the available information,Expected non-deontic interpretation,Expected epistemic interpretation,Declarative,,4,About whether Nora swimming now is allowed by the <span style='color:#C62828'>rules or permissions</span>,About whether Nora swimming now is consistent with the <span style='color:#1565C0'>available information</span>,deontic-epistemic
6,Training,T4,Train,future eventive,N-D,Kai is traveling home tomorrow. Kai's flexible ticket is valid on both the 3:15 train and the 4:00 train.,Which train is it possible for Kai to take tomorrow?,Which interpretation better matches what the speaker is asking about?,About which train him taking tomorrow is allowed by the rules or permissions,About which train him taking tomorrow is consistent with the available information,Expected root/deontic interpretation,Expected non-epistemic interpretation,Wh-question,,4,About which train him taking tomorrow is allowed by the <span style='color:#C62828'>rules or permissions</span>,About which train him taking tomorrow is consistent with the <span style='color:#1565C0'>available information</span>,deontic-epistemic
7,Training,T4,Train,past perfect / present progressive or stative,N-E,Kai traveled home earlier today. Kai's friend knows he took either the 3:15 train or the 4:00 train but has not heard which one.,Which train is it possible for Kai to have taken?,Which interpretation better matches what the speaker is asking about?,About which train him having taken earlier is allowed by the rules or permissions,About which train him having taken earlier is consistent with the available information,Expected non-deontic interpretation,Expected epistemic interpretation,Wh-question,,3,About which train him having taken earlier is allowed by the <span style='color:#C62828'>rules or permissions</span>,About which train him having taken earlier is consistent with the <span style='color:#1565C0'>available information</span>,deontic-epistemic
8,Training,T5,Parking,future eventive,N-D,Omar is driving to a concert tomorrow. Omar's parking sticker covers both the north lot and the west lot.,Is it possible for Omar to park in the west lot tomorrow?,Which interpretation better matches what the speaker is talking about?,About whether Omar parking in the west lot tomorrow is allowed by the rules or permissions,About whether Omar parking in the west lot tomorrow is consistent with the available information,Expected root/deontic interpretation,Expected non-epistemic interpretation,Yes/no inversion,,3,About whether Omar parking in the west lot tomorrow is allowed by the <span style='color:#C62828'>rules or permissions</span>,About whether Omar parking in the west lot tomorrow is consistent with the <span style='color:#1565C0'>available information</span>,deontic-epistemic
9,Training,T5,Parking,past perfect / present progressive or stative,N-E,"Omar drove to a concert earlier today. Omar's friends know his car is in either the north lot or the west lot, but they have not located it yet.",Is it possible for Omar to be parked in the west lot now?,Which interpretation better matches what the speaker is talking about?,About whether Omar being parked in the west lot now is allowed by the rules or permissions,About whether Omar being parked in the west lot now is consistent with the available information,Expected non-deontic interpretation,Expected epistemic interpretation,Yes/no inversion,,4,About whether Omar being parked in the west lot now is allowed by the <span style='color:#C62828'>rules or permissions</span>,About whether Omar being parked in the west lot now is consistent with the <span style='color:#1565C0'>available information</span>,deontic-epistemic
10,Training,T6,Theater,future eventive,N-D,Maya is going to a play tonight with her drama club. Maya's silver ticket is accepted in either the main-floor section or the balcony.,Is it possible for Maya to sit in the balcony tonight?,Which interpretation better matches what the speaker is talking about?,About whether Maya sitting in the balcony tonight is allowed by the rules or permissions,About whether Maya sitting in the balcony tonight is consistent with the available information,Expected root/deontic interpretation,Expected non-epistemic interpretation,Yes/no inversion,,4,About whether Maya sitting in the balcony tonight is allowed by the <span style='color:#C62828'>rules or permissions</span>,About whether Maya sitting in the balcony tonight is consistent with the <span style='color:#1565C0'>available information</span>,deontic-epistemic
11,Training,T6,Theater,past perfect / present progressive or stative,N-E,Maya is watching a play right now with her drama club. Maya's friends know her seat is either on the main floor or in the balcony but cannot see her from where they are sitting.,Is it possible for Maya to be sitting in the balcony now?,Which interpretation better matches what the speaker is talking about?,About whether Maya sitting in the balcony now is allowed by the rules or permissions,About whether Maya sitting in the balcony now is consistent with the available information,Expected non-deontic interpretation,Expected epistemic interpretation,Yes/no inversion,,3,About whether Maya sitting in the balcony now is allowed by the <span style='color:#C62828'>rules or permissions</span>,About whether Maya sitting in the balcony now is consistent with the <span style='color:#1565C0'>available information</span>,deontic-epistemic
12,Training,T7,Art studio,future eventive,N-D,"Eli is taking an art workshop tomorrow. Eli completed the advanced course last month, which qualifies him to use both the ceramics studio and the print room.",It is possible for Eli to use the print room tomorrow.,Which interpretation better matches what the speaker is talking about?,About whether Eli using the print room tomorrow is allowed by the rules or permissions,About whether Eli using the print room tomorrow is consistent with the available information,Expected root/deontic interpretation,Expected non-epistemic interpretation,Declarative,,3,About whether Eli using the print room tomorrow is allowed by the <span style='color:#C62828'>rules or permissions</span>,About whether Eli using the print room tomorrow is consistent with the <span style='color:#1565C0'>available information</span>,deontic-epistemic
13,Training,T7,Art studio,past perfect / present progressive or stative,N-E,Eli attended an art workshop this morning. The instructor knows Eli spent the second half of class either in the ceramics studio or in the print room but does not remember which.,It is possible for Eli to have worked in the print room this morning.,Which interpretation better matches what the speaker is talking about?,About whether Eli working in the print room this morning was allowed by the rules or permissions,About whether Eli working in the print room this morning is consistent with the available information,Expected non-deontic interpretation,Expected epistemic interpretation,Declarative,,4,About whether Eli working in the print room this morning was allowed by the <span style='color:#C62828'>rules or permissions</span>,About whether Eli working in the print room this morning is consistent with the <span style='color:#1565C0'>available information</span>,deontic-epistemic
14,Training,T8,Ferry,future eventive,N-D,"Sofia is taking a ferry tomorrow for a family trip. Sofia's ticket is marked “all decks,” including both the lower and upper decks.",Which deck is it possible for Sofia to sit on tomorrow?,Which interpretation better matches what the speaker is asking about?,About which deck her sitting on tomorrow is allowed by the rules or permissions,About which deck her sitting on tomorrow is consistent with the available information,Expected root/deontic interpretation,Expected non-epistemic interpretation,Wh-question,,4,About which deck her sitting on tomorrow is allowed by the <span style='color:#C62828'>rules or permissions</span>,About which deck her sitting on tomorrow is consistent with the <span style='color:#1565C0'>available information</span>,deontic-epistemic
15,Training,T8,Ferry,past perfect / present progressive or stative,N-E,"Sofia is on the ferry right now. Sofia's family knows she chose either the lower deck or the upper deck, but they have not found her yet.",Which deck is it possible for Sofia to be sitting on now?,Which interpretation better matches what the speaker is asking about?,About which deck her sitting on now is allowed by the rules or permissions,About which deck her sitting on now is consistent with the available information,Expected non-deontic interpretation,Expected epistemic interpretation,Wh-question,,3,About which deck her sitting on now is allowed by the <span style='color:#C62828'>rules or permissions</span>,About which deck her sitting on now is consistent with the <span style='color:#1565C0'>available information</span>,deontic-epistemic
16,Training,T9,Festival gate,future eventive,N-D,Mateo is going to a music festival tonight. Mateo's staff wristband is valid at both the north gate and the south gate.,Is it possible for Mateo to enter through the south gate tonight?,Which interpretation better matches what the speaker is talking about?,About whether Mateo entering through the south gate tonight is allowed by the rules or permissions,About whether Mateo entering through the south gate tonight is consistent with the available information,Expected root/deontic interpretation,Expected non-epistemic interpretation,Yes/no inversion,,3,About whether Mateo entering through the south gate tonight is allowed by the <span style='color:#C62828'>rules or permissions</span>,About whether Mateo entering through the south gate tonight is consistent with the <span style='color:#1565C0'>available information</span>,deontic-epistemic
17,Training,T9,Festival gate,past perfect / present progressive or stative,N-E,"Mateo arrived at a music festival earlier tonight. Mateo's friends know he entered through either the north gate or the south gate, but no one saw him arrive.",Is it possible for Mateo to have entered through the south gate?,Which interpretation better matches what the speaker is talking about?,About whether Mateo entering through the south gate earlier was allowed by the rules or permissions,About whether Mateo entering through the south gate earlier is consistent with the available information,Expected non-deontic interpretation,Expected epistemic interpretation,Yes/no inversion,,4,About whether Mateo entering through the south gate earlier was allowed by the <span style='color:#C62828'>rules or permissions</span>,About whether Mateo entering through the south gate earlier is consistent with the <span style='color:#1565C0'>available information</span>,deontic-epistemic
18,Training,T10,Workshop equipment,future eventive,N-D,Ben is working in a community workshop tomorrow. Ben's safety certificate lists both the power drill and the laser cutter.,Which tool is it possible for Ben to use tomorrow?,Which interpretation better matches what the speaker is asking about?,About which tool him using tomorrow is allowed by the rules or permissions,About which tool him using tomorrow is consistent with the available information,Expected root/deontic interpretation,Expected non-epistemic interpretation,Wh-question,,4,About which tool him using tomorrow is allowed by the <span style='color:#C62828'>rules or permissions</span>,About which tool him using tomorrow is consistent with the <span style='color:#1565C0'>available information</span>,deontic-epistemic
19,Training,T10,Workshop equipment,past perfect / present progressive or stative,N-E,Ben is working in a community workshop right now. Ben's coworker knows his project uses either the power drill or the laser cutter but cannot see which machine he chose.,Which tool is it possible for Ben to be using now?,Which interpretation better matches what the speaker is asking about?,About which tool him using now is allowed by the rules or permissions,About which tool him using now is consistent with the available information,Expected non-deontic interpretation,Expected epistemic interpretation,Wh-question,,3,About which tool him using now is allowed by the <span style='color:#C62828'>rules or permissions</span>,About which tool him using now is consistent with the <span style='color:#1565C0'>available information</span>,deontic-epistemic
20,Training,T11,Community kitchen,future eventive,N-D,"Nina is volunteering at a community center tomorrow. Nina completed the food-safety course, which qualifies volunteers to work at both the preparation and cooking stations.",Is it possible for Nina to work at the cooking station tomorrow?,Which interpretation better matches what the speaker is talking about?,About whether Nina working at the cooking station tomorrow is allowed by the rules or permissions,About whether Nina working at the cooking station tomorrow is consistent with the available information,Expected root/deontic interpretation,Expected non-epistemic interpretation,Yes/no inversion,,3,About whether Nina working at the cooking station tomorrow is allowed by the <span style='color:#C62828'>rules or permissions</span>,About whether Nina working at the cooking station tomorrow is consistent with the <span style='color:#1565C0'>available information</span>,deontic-epistemic
21,Training,T11,Community kitchen,past perfect / present progressive or stative,N-E,Nina is volunteering at the community center right now. Nina's coordinator knows she was assigned either to food preparation or to cooking but has not checked which station she is at.,Is it possible for Nina to be working at the cooking station now?,Which interpretation better matches what the speaker is talking about?,About whether Nina working at the cooking station now is allowed by the rules or permissions,About whether Nina working at the cooking station now is consistent with the available information,Expected non-deontic interpretation,Expected epistemic interpretation,Yes/no inversion,,4,About whether Nina working at the cooking station now is allowed by the <span style='color:#C62828'>rules or permissions</span>,About whether Nina working at the cooking station now is consistent with the <span style='color:#1565C0'>available information</span>,deontic-epistemic
22,Training,T12,College lab,future eventive,N-D,Daniel is doing an experiment tomorrow. Daniel's new safety qualification covers both Lab A and Lab B.,It is possible for Daniel to work in Lab B tomorrow.,Which interpretation better matches what the speaker is talking about?,About whether Daniel working in Lab B tomorrow is allowed by the rules or permissions,About whether Daniel working in Lab B tomorrow is consistent with the available information,Expected root/deontic interpretation,Expected non-epistemic interpretation,Declarative,,4,About whether Daniel working in Lab B tomorrow is allowed by the <span style='color:#C62828'>rules or permissions</span>,About whether Daniel working in Lab B tomorrow is consistent with the <span style='color:#1565C0'>available information</span>,deontic-epistemic
23,Training,T12,College lab,past perfect / present progressive or stative,N-E,"Daniel is doing an experiment right now. Daniel's supervisor knows he is in either Lab A or Lab B, but the room log has not been updated.",It is possible for Daniel to be in Lab B now.,Which interpretation better matches what the speaker is talking about?,About whether Daniel being in Lab B now is allowed by the rules or permissions,About whether Daniel being in Lab B now is consistent with the available information,Expected non-deontic interpretation,Expected epistemic interpretation,Declarative,,3,About whether Daniel being in Lab B now is allowed by the <span style='color:#C62828'>rules or permissions</span>,About whether Daniel being in Lab B now is consistent with the <span style='color:#1565C0'>available information</span>,deontic-epistemic
24,Critical Test,C1,Zoo animal-care room,past perfect,N-E-D,"Aisha is photographing exhibits at the zoo for a biology assignment. Aisha's classmates lost track of her after lunch, and the hallway camera near the animal-care room is being serviced. The animal-care room is reserved for zoo staff, while Aisha has a regular visitor wristband.",It is possible for Aisha to have gone into the animal-care room.,Which interpretation better matches what the speaker is talking about?,About whether Aisha going into the animal-care room earlier was allowed by the rules or permissions,About whether Aisha going into the animal-care room earlier is consistent with the available information,,,,,3,About whether Aisha going into the animal-care room earlier was allowed by the <span style='color:#C62828'>rules or permissions</span>,About whether Aisha going into the animal-care room earlier is consistent with the <span style='color:#1565C0'>available information</span>,deontic-epistemic
25,Critical Test,C1,Zoo animal-care room,future eventive,D-N-E,"Aisha's volunteer credential permits her to work in the animal-care room. Aisha is volunteering at the zoo tomorrow as part of a conservation program. The finalized duty schedule assigns Aisha to the education kiosk for her entire shift, and her coordinator confirmed that assignment with her.",It is possible for Aisha to work in the animal-care room tomorrow.,Which interpretation better matches what the speaker is talking about?,About whether Aisha working in the animal-care room tomorrow is allowed by the rules or permissions,About whether Aisha working in the animal-care room tomorrow is consistent with the available information,,,,,4,About whether Aisha working in the animal-care room tomorrow is allowed by the <span style='color:#C62828'>rules or permissions</span>,About whether Aisha working in the animal-care room tomorrow is consistent with the <span style='color:#1565C0'>available information</span>,deontic-epistemic
26,Critical Test,C2,University observatory,present progressive,E-N-D,"The other club members cannot find Theo right now, and the control-room door sensor is temporarily offline. Theo is at the university observatory with the astronomy club tonight. The telescope control room is reserved for trained operators, and Theo has not completed the operator course.",It is possible for Theo to be working in the telescope control room now.,Which interpretation better matches what the speaker is talking about?,About whether Theo working in the telescope control room now is allowed by the rules or permissions,About whether Theo working in the telescope control room now is consistent with the available information,,,,,4,About whether Theo working in the telescope control room now is allowed by the <span style='color:#C62828'>rules or permissions</span>,About whether Theo working in the telescope control room now is consistent with the <span style='color:#1565C0'>available information</span>,deontic-epistemic
27,Critical Test,C2,University observatory,future eventive,N-E-D,"Theo is helping with a public astronomy night at the observatory tomorrow. The final volunteer roster assigns Theo to greet visitors at the entrance for the entire event, and he confirmed that shift. He completed the operator course last month, so he is authorized to use the telescope control room.",It is possible for Theo to work in the telescope control room tomorrow night.,Which interpretation better matches what the speaker is talking about?,About whether Theo working in the telescope control room tomorrow night is allowed by the rules or permissions,About whether Theo working in the telescope control room tomorrow night is consistent with the available information,,,,,3,About whether Theo working in the telescope control room tomorrow night is allowed by the <span style='color:#C62828'>rules or permissions</span>,About whether Theo working in the telescope control room tomorrow night is consistent with the <span style='color:#1565C0'>available information</span>,deontic-epistemic
28,Critical Test,C3,Student film studio,past perfect,D-N-E,"The sound-mixing suite is reserved for post-production staff, while Grace is registered as part of the camera crew. Grace spent the morning at a student film studio working on a documentary. The production log has a gap during the lunch break, and Grace's teammates do not know where she went.",It is possible for Grace to have gone into the sound-mixing suite.,Which interpretation better matches what the speaker is talking about?,About whether Grace going into the sound-mixing suite earlier was allowed by the rules or permissions,About whether Grace going into the sound-mixing suite earlier is consistent with the available information,,,,,3,About whether Grace going into the sound-mixing suite earlier was allowed by the <span style='color:#C62828'>rules or permissions</span>,About whether Grace going into the sound-mixing suite earlier is consistent with the <span style='color:#1565C0'>available information</span>,deontic-epistemic
29,Critical Test,C3,Student film studio,future eventive,E-N-D,"The locked shooting schedule assigns Grace to an outdoor location for the entire afternoon, and she confirmed the assignment today. Grace is returning to the film studio tomorrow for another production day. Grace has received an all-area crew badge that includes the sound-mixing suite.",It is possible for Grace to use the sound-mixing suite tomorrow afternoon.,Which interpretation better matches what the speaker is talking about?,About whether Grace using the sound-mixing suite tomorrow afternoon is allowed by the rules or permissions,About whether Grace using the sound-mixing suite tomorrow afternoon is consistent with the available information,,,,,4,About whether Grace using the sound-mixing suite tomorrow afternoon is allowed by the <span style='color:#C62828'>rules or permissions</span>,About whether Grace using the sound-mixing suite tomorrow afternoon is consistent with the <span style='color:#1565C0'>available information</span>,deontic-epistemic
30,Critical Test,C4,Hotel rooftop lounge,present stative,N-E-D,"Jordan is attending a conference at a downtown hotel today. Jordan's colleague cannot find them after lunch, and the elevator logs are unavailable during a system outage. The rooftop lounge is reserved for guests staying on the executive floors, while Jordan has a standard room.",It is possible for Jordan to be in the rooftop lounge now.,Which interpretation better matches what the speaker is talking about?,About whether Jordan being in the rooftop lounge now is allowed by the rules or permissions,About whether Jordan being in the rooftop lounge now is consistent with the available information,,,,,4,About whether Jordan being in the rooftop lounge now is allowed by the <span style='color:#C62828'>rules or permissions</span>,About whether Jordan being in the rooftop lounge now is consistent with the <span style='color:#1565C0'>available information</span>,deontic-epistemic
31,Critical Test,C4,Hotel rooftop lounge,future eventive,D-N-E,"The hotel upgraded Jordan to an executive-floor room, which includes use of the rooftop lounge. Jordan is staying at the same hotel for the conference tomorrow. Jordan's final conference program has them presenting throughout the lounge's afternoon opening hours, and the session chair confirmed the schedule.",It is possible for Jordan to sit in the rooftop lounge tomorrow afternoon.,Which interpretation better matches what the speaker is talking about?,About whether Jordan sitting in the rooftop lounge tomorrow afternoon is allowed by the rules or permissions,About whether Jordan sitting in the rooftop lounge tomorrow afternoon is consistent with the available information,,,,,3,About whether Jordan sitting in the rooftop lounge tomorrow afternoon is allowed by the <span style='color:#C62828'>rules or permissions</span>,About whether Jordan sitting in the rooftop lounge tomorrow afternoon is consistent with the <span style='color:#1565C0'>available information</span>,deontic-epistemic
32,Critical Test,C5,Aquatic center diving area,present progressive,E-N-D,"A teammate saw Chloe walking toward the diving area a few minutes ago, but nobody can see the platform from the pool deck. Chloe is at an aquatic center for swim-club practice this afternoon. The high diving board is reserved for Level 3 swimmers, while Chloe is currently certified at Level 2.",It is possible for Chloe to be using the high diving board now.,Which interpretation better matches what the speaker is talking about?,About whether Chloe using the high diving board now is allowed by the rules or permissions,About whether Chloe using the high diving board now is consistent with the available information,,,,,3,About whether Chloe using the high diving board now is allowed by the <span style='color:#C62828'>rules or permissions</span>,About whether Chloe using the high diving board now is consistent with the <span style='color:#1565C0'>available information</span>,deontic-epistemic
33,Critical Test,C5,Aquatic center diving area,future eventive,N-E-D,"Chloe is returning to the aquatic center for practice tomorrow. The coach's finalized practice plan assigns Chloe to lap swimming for the entire session, and Chloe acknowledged the plan. She passed the Level 3 test this week, so she is now cleared to use the high diving board.",It is possible for Chloe to use the high diving board tomorrow.,Which interpretation better matches what the speaker is talking about?,About whether Chloe using the high diving board tomorrow is allowed by the rules or permissions,About whether Chloe using the high diving board tomorrow is consistent with the available information,,,,,4,About whether Chloe using the high diving board tomorrow is allowed by the <span style='color:#C62828'>rules or permissions</span>,About whether Chloe using the high diving board tomorrow is consistent with the <span style='color:#1565C0'>available information</span>,deontic-epistemic
34,Critical Test,C6,Airport premium lounge,past perfect,D-N-E,"The premium lounge is reserved for business-class passengers, while Marcus was traveling on an economy ticket. Marcus spent several hours at the airport yesterday waiting for a delayed flight. Marcus's friends could not find him for part of the delay, and the lounge entry scanner was temporarily malfunctioning.",It is possible for Marcus to have waited in the premium lounge.,Which interpretation better matches what the speaker is talking about?,About whether Marcus waiting in the premium lounge earlier was allowed by the rules or permissions,About whether Marcus waiting in the premium lounge earlier is consistent with the available information,,,,,4,About whether Marcus waiting in the premium lounge earlier was allowed by the <span style='color:#C62828'>rules or permissions</span>,About whether Marcus waiting in the premium lounge earlier is consistent with the <span style='color:#1565C0'>available information</span>,deontic-epistemic
35,Critical Test,C6,Airport premium lounge,future eventive,E-N-D,"Marcus sent his family a detailed travel plan saying he will go directly from security to his gate, and he confirmed that he will not visit the lounge. Marcus is flying from the same airport again tomorrow. The airline upgraded Marcus to business class, so his ticket now includes the premium lounge.",It is possible for Marcus to wait in the premium lounge tomorrow.,Which interpretation better matches what the speaker is talking about?,About whether Marcus waiting in the premium lounge tomorrow is allowed by the rules or permissions,About whether Marcus waiting in the premium lounge tomorrow is consistent with the available information,,,,,3,About whether Marcus waiting in the premium lounge tomorrow is allowed by the <span style='color:#C62828'>rules or permissions</span>,About whether Marcus waiting in the premium lounge tomorrow is consistent with the <span style='color:#1565C0'>available information</span>,deontic-epistemic
36,Critical Test,C7,College radio station,present progressive,N-E-D,"Elena is visiting the college radio station for a journalism project. The host stepped away to take a phone call and does not know where Elena went, and the hallway camera is turned off. The live recording booth is reserved for station members, while Elena is signed in as a guest.",It is possible for Elena to be sitting in the live recording booth now.,Which interpretation better matches what the speaker is talking about?,About whether Elena sitting in the live recording booth now is allowed by the rules or permissions,About whether Elena sitting in the live recording booth now is consistent with the available information,,,,,3,About whether Elena sitting in the live recording booth now is allowed by the <span style='color:#C62828'>rules or permissions</span>,About whether Elena sitting in the live recording booth now is consistent with the <span style='color:#1565C0'>available information</span>,deontic-epistemic
37,Critical Test,C7,College radio station,future eventive,D-N-E,"Elena's intern badge permits her to use the live recording booth. Elena begins an internship at the radio station tomorrow. The finalized broadcast schedule assigns another intern to the booth and Elena to the front desk for the entire shift, and both assignments were confirmed.",It is possible for Elena to use the live recording booth tomorrow.,Which interpretation better matches what the speaker is talking about?,About whether Elena using the live recording booth tomorrow is allowed by the rules or permissions,About whether Elena using the live recording booth tomorrow is consistent with the available information,,,,,4,About whether Elena using the live recording booth tomorrow is allowed by the <span style='color:#C62828'>rules or permissions</span>,About whether Elena using the live recording booth tomorrow is consistent with the <span style='color:#1565C0'>available information</span>,deontic-epistemic
38,Critical Test,C8,Ski lodge tuning room,past perfect,E-N-D,"Ravi's friends last saw him near the service hallway, and the staff movement log is incomplete for that period. Ravi spent the morning at a ski lodge with several friends. The ski-tuning room is reserved for lodge employees, while Ravi has an ordinary day pass.",It is possible for Ravi to have gone into the ski-tuning room.,Which interpretation better matches what the speaker is talking about?,About whether Ravi going into the ski-tuning room earlier was allowed by the rules or permissions,About whether Ravi going into the ski-tuning room earlier is consistent with the available information,,,,,4,About whether Ravi going into the ski-tuning room earlier was allowed by the <span style='color:#C62828'>rules or permissions</span>,About whether Ravi going into the ski-tuning room earlier is consistent with the <span style='color:#1565C0'>available information</span>,deontic-epistemic
39,Critical Test,C8,Ski lodge tuning room,future eventive,N-E-D,"Ravi is volunteering at a ski race at the lodge tomorrow. The final duty roster assigns Ravi as a course marshal outdoors for the entire event, and he confirmed the assignment. His volunteer credential includes the ski-tuning room.",It is possible for Ravi to work in the ski-tuning room tomorrow.,Which interpretation better matches what the speaker is talking about?,About whether Ravi working in the ski-tuning room tomorrow is allowed by the rules or permissions,About whether Ravi working in the ski-tuning room tomorrow is consistent with the available information,,,,,3,About whether Ravi working in the ski-tuning room tomorrow is allowed by the <span style='color:#C62828'>rules or permissions</span>,About whether Ravi working in the ski-tuning room tomorrow is consistent with the <span style='color:#1565C0'>available information</span>,deontic-epistemic
40,Filler,F1,Ice rink warm-up studio,future eventive,D-N-E,"Tessa's clinic pass includes use of the warm-up studio. Tessa is taking part in a figure-skating clinic tomorrow. Tessa told her coach that she plans to practice there before the first session, and the schedule lists that warm-up period.",It is possible for Tessa to practice in the warm-up studio tomorrow morning.,Which interpretation better matches what the speaker is talking about?,About whether Tessa practicing in the warm-up studio tomorrow morning is allowed by the rules or permissions,About whether Tessa practicing in the warm-up studio tomorrow morning is consistent with the available information,,,,,3,About whether Tessa practicing in the warm-up studio tomorrow morning is allowed by the <span style='color:#C62828'>rules or permissions</span>,About whether Tessa practicing in the warm-up studio tomorrow morning is consistent with the <span style='color:#1565C0'>available information</span>,deontic-epistemic
41,Filler,F2,Cinema projection booth,past perfect,E-N-D,"Security footage shows Amir remained in the auditorium and lobby throughout the screening. Amir attended a film festival at a local cinema yesterday. The projection booth is restricted to cinema employees, while Amir had a standard festival ticket.",It is possible for Amir to have entered the projection booth.,Which interpretation better matches what the speaker is talking about?,About whether Amir entering the projection booth earlier was allowed by the rules or permissions,About whether Amir entering the projection booth earlier is consistent with the available information,,,,,4,About whether Amir entering the projection booth earlier was allowed by the <span style='color:#C62828'>rules or permissions</span>,About whether Amir entering the projection booth earlier is consistent with the <span style='color:#1565C0'>available information</span>,deontic-epistemic
42,Filler,F3,Bakery decorating station,present progressive,N-E-D,"Zoe is helping at a bakery fundraiser this afternoon. A coworker saw Zoe carry a tray of cupcakes to the decorating station a few minutes ago and has not seen her leave. She completed the bakery's food-handling orientation, which qualifies volunteers to use the decorating station.",It is possible for Zoe to be working at the decorating station now.,Which interpretation better matches what the speaker is talking about?,About whether Zoe working at the decorating station now is allowed by the rules or permissions,About whether Zoe working at the decorating station now is consistent with the available information,,,,,4,About whether Zoe working at the decorating station now is allowed by the <span style='color:#C62828'>rules or permissions</span>,About whether Zoe working at the decorating station now is consistent with the <span style='color:#1565C0'>available information</span>,deontic-epistemic
43,Filler,F4,Music school faculty practice room,future eventive,D-N-E,"The faculty practice room is reserved for instructors, while Henry is attending as a guest performer. Henry is attending a piano recital at a music school tomorrow. Henry's finalized recital schedule places him in the main hall throughout the only period when the faculty room is open, and he confirmed the schedule.",It is possible for Henry to practice in the faculty room tomorrow afternoon.,Which interpretation better matches what the speaker is talking about?,About whether Henry practicing in the faculty room tomorrow afternoon is allowed by the rules or permissions,About whether Henry practicing in the faculty room tomorrow afternoon is consistent with the available information,,,,,3,About whether Henry practicing in the faculty room tomorrow afternoon is allowed by the <span style='color:#C62828'>rules or permissions</span>,About whether Henry practicing in the faculty room tomorrow afternoon is consistent with the <span style='color:#1565C0'>available information</span>,deontic-epistemic
44,Filler,F5,Hotel conference suite,past perfect,E-N-D,"June's attendance badge was scanned at Suite B, and a colleague remembers sitting beside her there. June attended a professional workshop at a hotel yesterday. June's registration included the afternoon breakout session in Conference Suite B.",It is possible for June to have attended the session in Conference Suite B.,Which interpretation better matches what the speaker is talking about?,About whether June attending the session in Conference Suite B earlier was allowed by the rules or permissions,About whether June attending the session in Conference Suite B earlier is consistent with the available information,,,,,3,About whether June attending the session in Conference Suite B earlier was allowed by the <span style='color:#C62828'>rules or permissions</span>,About whether June attending the session in Conference Suite B earlier is consistent with the <span style='color:#1565C0'>available information</span>,deontic-epistemic
45,Filler,F6,Animal shelter medication room,present stative,N-E-D,"Samuel is visiting an animal shelter today to meet a cat he may adopt. A staff member has stayed with Samuel in the adoption room continuously since he arrived. The medication room is reserved for shelter employees and veterinarians, while Samuel is signed in as a visitor.",It is possible for Samuel to be in the medication room now.,Which interpretation better matches what the speaker is talking about?,About whether Samuel being in the medication room now is allowed by the rules or permissions,About whether Samuel being in the medication room now is consistent with the available information,,,,,4,About whether Samuel being in the medication room now is allowed by the <span style='color:#C62828'>rules or permissions</span>,About whether Samuel being in the medication room now is consistent with the <span style='color:#1565C0'>available information</span>,deontic-epistemic
46,Filler,F7,Kayak boathouse equipment bay,future eventive,D-N-E,"Leah's course registration includes use of the equipment bay. Leah is taking a kayaking course at a boathouse tomorrow. The instructor assigned Leah to pick up the group's paddles there before class, and Leah confirmed that task.",It is possible for Leah to go into the equipment bay tomorrow morning.,Which interpretation better matches what the speaker is talking about?,About whether Leah going into the equipment bay tomorrow morning is allowed by the rules or permissions,About whether Leah going into the equipment bay tomorrow morning is consistent with the available information,,,,,4,About whether Leah going into the equipment bay tomorrow morning is allowed by the <span style='color:#C62828'>rules or permissions</span>,About whether Leah going into the equipment bay tomorrow morning is consistent with the <span style='color:#1565C0'>available information</span>,deontic-epistemic
47,Filler,F8,Warehouse loading bay,past perfect,E-N-D,"Colin's escort log shows that he remained with the office tour group for the entire visit. Colin toured a distribution warehouse yesterday as part of an office visit. The loading bay is restricted to warehouse workers, while Colin had a visitor badge.",It is possible for Colin to have gone into the loading bay.,Which interpretation better matches what the speaker is talking about?,About whether Colin going into the loading bay earlier was allowed by the rules or permissions,About whether Colin going into the loading bay earlier is consistent with the available information,,,,,3,About whether Colin going into the loading bay earlier was allowed by the <span style='color:#C62828'>rules or permissions</span>,About whether Colin going into the loading bay earlier is consistent with the <span style='color:#1565C0'>available information</span>,deontic-epistemic
0,Training,T1,Museum entrance,future eventive,D-N,Lina has a green visitor badge that is valid at both the main entrance and the side entrance. Lina is visiting a history museum tomorrow for a class project.,It is possible for Lina to use the side entrance tomorrow.,Which interpretation better matches what the speaker is talking about?,About whether Lina using the side entrance tomorrow is allowed by the rules or permissions,About whether Lina using the side entrance tomorrow is consistent with the available information,Expected root/deontic interpretation,Expected non-epistemic interpretation,Declarative,,3,About whether Lina using the side entrance tomorrow is allowed by the <span style='color:#C62828'>rules or permissions</span>,About whether Lina using the side entrance tomorrow is consistent with the <span style='color:#1565C0'>available information</span>,deontic-epistemic
1,Training,T1,Museum entrance,past perfect / present progressive or stative,E-N,"Lina's classmate knows she entered through either the main entrance or the side entrance, but did not see which one. Lina visited a history museum this morning for a class project.",It is possible for Lina to have used the side entrance.,Which interpretation better matches what the speaker is talking about?,About whether Lina using the side entrance earlier was allowed by the rules or permissions,About whether Lina using the side entrance earlier is consistent with the available information,Expected non-deontic interpretation,Expected epistemic interpretation,Declarative,,4,About whether Lina using the side entrance earlier was allowed by the <span style='color:#C62828'>rules or permissions</span>,About whether Lina using the side entrance earlier is consistent with the <span style='color:#1565C0'>available information</span>,deontic-epistemic
2,Training,T2,Library rooms,future eventive,D-N,Priya's researcher card lists both the reading room and the map room. Priya is doing research at the library tomorrow.,Which room is it possible for Priya to work in tomorrow?,Which interpretation better matches what the speaker is asking about?,About which room her working in tomorrow is allowed by the rules or permissions,About which room her working in tomorrow is consistent with the available information,Expected root/deontic interpretation,Expected non-epistemic interpretation,Wh-question,,4,About which room her working in tomorrow is allowed by the <span style='color:#C62828'>rules or permissions</span>,About which room her working in tomorrow is consistent with the <span style='color:#1565C0'>available information</span>,deontic-epistemic
3,Training,T2,Library rooms,past perfect / present progressive or stative,E-N,Priya's classmate knows she is in either the reading room or the map room but has not found her yet. Priya is doing research at the library right now.,Which room is it possible for Priya to be working in now?,Which interpretation better matches what the speaker is asking about?,About which room her working in now is allowed by the rules or permissions,About which room her working in now is consistent with the available information,Expected non-deontic interpretation,Expected epistemic interpretation,Wh-question,,3,About which room her working in now is allowed by the <span style='color:#C62828'>rules or permissions</span>,About which room her working in now is consistent with the <span style='color:#1565C0'>available information</span>,deontic-epistemic
4,Training,T3,Community center,future eventive,D-N,Nora's membership includes both the swimming pool and the climbing area. Nora is going to the community center this afternoon.,It is possible for Nora to use the pool this afternoon.,Which interpretation better matches what the speaker is talking about?,About whether Nora using the pool this afternoon is allowed by the rules or permissions,About whether Nora using the pool this afternoon is consistent with the available information,Expected root/deontic interpretation,Expected non-epistemic interpretation,Declarative,,3,About whether Nora using the pool this afternoon is allowed by the <span style='color:#C62828'>rules or permissions</span>,About whether Nora using the pool this afternoon is consistent with the <span style='color:#1565C0'>available information</span>,deontic-epistemic
5,Training,T3,Community center,past perfect / present progressive or stative,E-N,"The front desk knows Nora chose either swimming or climbing, but her activity was not recorded. Nora is at the community center right now.",It is possible for Nora to be swimming now.,Which interpretation better matches what the speaker is talking about?,About whether Nora swimming now is allowed by the rules or permissions,About whether Nora swimming now is consistent with the available information,Expected non-deontic interpretation,Expected epistemic interpretation,Declarative,,4,About whether Nora swimming now is allowed by the <span style='color:#C62828'>rules or permissions</span>,About whether Nora swimming now is consistent with the <span style='color:#1565C0'>available information</span>,deontic-epistemic
6,Training,T4,Train,future eventive,D-N,Kai's flexible ticket is valid on both the 3:15 train and the 4:00 train. Kai is traveling home tomorrow.,Which train is it possible for Kai to take tomorrow?,Which interpretation better matches what the speaker is asking about?,About which train him taking tomorrow is allowed by the rules or permissions,About which train him taking tomorrow is consistent with the available information,Expected root/deontic interpretation,Expected non-epistemic interpretation,Wh-question,,4,About which train him taking tomorrow is allowed by the <span style='color:#C62828'>rules or permissions</span>,About which train him taking tomorrow is consistent with the <span style='color:#1565C0'>available information</span>,deontic-epistemic
7,Training,T4,Train,past perfect / present progressive or stative,E-N,Kai's friend knows he took either the 3:15 train or the 4:00 train but has not heard which one. Kai traveled home earlier today.,Which train is it possible for Kai to have taken?,Which interpretation better matches what the speaker is asking about?,About which train him having taken earlier is allowed by the rules or permissions,About which train him having taken earlier is consistent with the available information,Expected non-deontic interpretation,Expected epistemic interpretation,Wh-question,,3,About which train him having taken earlier is allowed by the <span style='color:#C62828'>rules or permissions</span>,About which train him having taken earlier is consistent with the <span style='color:#1565C0'>available information</span>,deontic-epistemic
8,Training,T5,Parking,future eventive,D-N,Omar's parking sticker covers both the north lot and the west lot. Omar is driving to a concert tomorrow.,Is it possible for Omar to park in the west lot tomorrow?,Which interpretation better matches what the speaker is talking about?,About whether Omar parking in the west lot tomorrow is allowed by the rules or permissions,About whether Omar parking in the west lot tomorrow is consistent with the available information,Expected root/deontic interpretation,Expected non-epistemic interpretation,Yes/no inversion,,3,About whether Omar parking in the west lot tomorrow is allowed by the <span style='color:#C62828'>rules or permissions</span>,About whether Omar parking in the west lot tomorrow is consistent with the <span style='color:#1565C0'>available information</span>,deontic-epistemic
9,Training,T5,Parking,past perfect / present progressive or stative,E-N,"Omar's friends know his car is in either the north lot or the west lot, but they have not located it yet. Omar drove to a concert earlier today.",Is it possible for Omar to be parked in the west lot now?,Which interpretation better matches what the speaker is talking about?,About whether Omar being parked in the west lot now is allowed by the rules or permissions,About whether Omar being parked in the west lot now is consistent with the available information,Expected non-deontic interpretation,Expected epistemic interpretation,Yes/no inversion,,4,About whether Omar being parked in the west lot now is allowed by the <span style='color:#C62828'>rules or permissions</span>,About whether Omar being parked in the west lot now is consistent with the <span style='color:#1565C0'>available information</span>,deontic-epistemic
10,Training,T6,Theater,future eventive,D-N,Maya's silver ticket is accepted in either the main-floor section or the balcony. Maya is going to a play tonight with her drama club.,Is it possible for Maya to sit in the balcony tonight?,Which interpretation better matches what the speaker is talking about?,About whether Maya sitting in the balcony tonight is allowed by the rules or permissions,About whether Maya sitting in the balcony tonight is consistent with the available information,Expected root/deontic interpretation,Expected non-epistemic interpretation,Yes/no inversion,,4,About whether Maya sitting in the balcony tonight is allowed by the <span style='color:#C62828'>rules or permissions</span>,About whether Maya sitting in the balcony tonight is consistent with the <span style='color:#1565C0'>available information</span>,deontic-epistemic
11,Training,T6,Theater,past perfect / present progressive or stative,E-N,Maya's friends know her seat is either on the main floor or in the balcony but cannot see her from where they are sitting. Maya is watching a play right now with her drama club.,Is it possible for Maya to be sitting in the balcony now?,Which interpretation better matches what the speaker is talking about?,About whether Maya sitting in the balcony now is allowed by the rules or permissions,About whether Maya sitting in the balcony now is consistent with the available information,Expected non-deontic interpretation,Expected epistemic interpretation,Yes/no inversion,,3,About whether Maya sitting in the balcony now is allowed by the <span style='color:#C62828'>rules or permissions</span>,About whether Maya sitting in the balcony now is consistent with the <span style='color:#1565C0'>available information</span>,deontic-epistemic
12,Training,T7,Art studio,future eventive,D-N,"Eli completed the advanced course last month, which qualifies him to use both the ceramics studio and the print room. Eli is taking an art workshop tomorrow.",It is possible for Eli to use the print room tomorrow.,Which interpretation better matches what the speaker is talking about?,About whether Eli using the print room tomorrow is allowed by the rules or permissions,About whether Eli using the print room tomorrow is consistent with the available information,Expected root/deontic interpretation,Expected non-epistemic interpretation,Declarative,,3,About whether Eli using the print room tomorrow is allowed by the <span style='color:#C62828'>rules or permissions</span>,About whether Eli using the print room tomorrow is consistent with the <span style='color:#1565C0'>available information</span>,deontic-epistemic
13,Training,T7,Art studio,past perfect / present progressive or stative,E-N,The instructor knows Eli spent the second half of class either in the ceramics studio or in the print room but does not remember which. Eli attended an art workshop this morning.,It is possible for Eli to have worked in the print room this morning.,Which interpretation better matches what the speaker is talking about?,About whether Eli working in the print room this morning was allowed by the rules or permissions,About whether Eli working in the print room this morning is consistent with the available information,Expected non-deontic interpretation,Expected epistemic interpretation,Declarative,,4,About whether Eli working in the print room this morning was allowed by the <span style='color:#C62828'>rules or permissions</span>,About whether Eli working in the print room this morning is consistent with the <span style='color:#1565C0'>available information</span>,deontic-epistemic
14,Training,T8,Ferry,future eventive,D-N,"Sofia's ticket is marked “all decks,” including both the lower and upper decks. Sofia is taking a ferry tomorrow for a family trip.",Which deck is it possible for Sofia to sit on tomorrow?,Which interpretation better matches what the speaker is asking about?,About which deck her sitting on tomorrow is allowed by the rules or permissions,About which deck her sitting on tomorrow is consistent with the available information,Expected root/deontic interpretation,Expected non-epistemic interpretation,Wh-question,,4,About which deck her sitting on tomorrow is allowed by the <span style='color:#C62828'>rules or permissions</span>,About which deck her sitting on tomorrow is consistent with the <span style='color:#1565C0'>available information</span>,deontic-epistemic
15,Training,T8,Ferry,past perfect / present progressive or stative,E-N,"Sofia's family knows she chose either the lower deck or the upper deck, but they have not found her yet. Sofia is on the ferry right now.",Which deck is it possible for Sofia to be sitting on now?,Which interpretation better matches what the speaker is asking about?,About which deck her sitting on now is allowed by the rules or permissions,About which deck her sitting on now is consistent with the available information,Expected non-deontic interpretation,Expected epistemic interpretation,Wh-question,,3,About which deck her sitting on now is allowed by the <span style='color:#C62828'>rules or permissions</span>,About which deck her sitting on now is consistent with the <span style='color:#1565C0'>available information</span>,deontic-epistemic
16,Training,T9,Festival gate,future eventive,D-N,Mateo's staff wristband is valid at both the north gate and the south gate. Mateo is going to a music festival tonight.,Is it possible for Mateo to enter through the south gate tonight?,Which interpretation better matches what the speaker is talking about?,About whether Mateo entering through the south gate tonight is allowed by the rules or permissions,About whether Mateo entering through the south gate tonight is consistent with the available information,Expected root/deontic interpretation,Expected non-epistemic interpretation,Yes/no inversion,,3,About whether Mateo entering through the south gate tonight is allowed by the <span style='color:#C62828'>rules or permissions</span>,About whether Mateo entering through the south gate tonight is consistent with the <span style='color:#1565C0'>available information</span>,deontic-epistemic
17,Training,T9,Festival gate,past perfect / present progressive or stative,E-N,"Mateo's friends know he entered through either the north gate or the south gate, but no one saw him arrive. Mateo arrived at a music festival earlier tonight.",Is it possible for Mateo to have entered through the south gate?,Which interpretation better matches what the speaker is talking about?,About whether Mateo entering through the south gate earlier was allowed by the rules or permissions,About whether Mateo entering through the south gate earlier is consistent with the available information,Expected non-deontic interpretation,Expected epistemic interpretation,Yes/no inversion,,4,About whether Mateo entering through the south gate earlier was allowed by the <span style='color:#C62828'>rules or permissions</span>,About whether Mateo entering through the south gate earlier is consistent with the <span style='color:#1565C0'>available information</span>,deontic-epistemic
18,Training,T10,Workshop equipment,future eventive,D-N,Ben's safety certificate lists both the power drill and the laser cutter. Ben is working in a community workshop tomorrow.,Which tool is it possible for Ben to use tomorrow?,Which interpretation better matches what the speaker is asking about?,About which tool him using tomorrow is allowed by the rules or permissions,About which tool him using tomorrow is consistent with the available information,Expected root/deontic interpretation,Expected non-epistemic interpretation,Wh-question,,4,About which tool him using tomorrow is allowed by the <span style='color:#C62828'>rules or permissions</span>,About which tool him using tomorrow is consistent with the <span style='color:#1565C0'>available information</span>,deontic-epistemic
19,Training,T10,Workshop equipment,past perfect / present progressive or stative,E-N,Ben's coworker knows his project uses either the power drill or the laser cutter but cannot see which machine he chose. Ben is working in a community workshop right now.,Which tool is it possible for Ben to be using now?,Which interpretation better matches what the speaker is asking about?,About which tool him using now is allowed by the rules or permissions,About which tool him using now is consistent with the available information,Expected non-deontic interpretation,Expected epistemic interpretation,Wh-question,,3,About which tool him using now is allowed by the <span style='color:#C62828'>rules or permissions</span>,About which tool him using now is consistent with the <span style='color:#1565C0'>available information</span>,deontic-epistemic
20,Training,T11,Community kitchen,future eventive,D-N,"Nina completed the food-safety course, which qualifies volunteers to work at both the preparation and cooking stations. Nina is volunteering at a community center tomorrow.",Is it possible for Nina to work at the cooking station tomorrow?,Which interpretation better matches what the speaker is talking about?,About whether Nina working at the cooking station tomorrow is allowed by the rules or permissions,About whether Nina working at the cooking station tomorrow is consistent with the available information,Expected root/deontic interpretation,Expected non-epistemic interpretation,Yes/no inversion,,3,About whether Nina working at the cooking station tomorrow is allowed by the <span style='color:#C62828'>rules or permissions</span>,About whether Nina working at the cooking station tomorrow is consistent with the <span style='color:#1565C0'>available information</span>,deontic-epistemic
21,Training,T11,Community kitchen,past perfect / present progressive or stative,E-N,Nina's coordinator knows she was assigned either to food preparation or to cooking but has not checked which station she is at. Nina is volunteering at the community center right now.,Is it possible for Nina to be working at the cooking station now?,Which interpretation better matches what the speaker is talking about?,About whether Nina working at the cooking station now is allowed by the rules or permissions,About whether Nina working at the cooking station now is consistent with the available information,Expected non-deontic interpretation,Expected epistemic interpretation,Yes/no inversion,,4,About whether Nina working at the cooking station now is allowed by the <span style='color:#C62828'>rules or permissions</span>,About whether Nina working at the cooking station now is consistent with the <span style='color:#1565C0'>available information</span>,deontic-epistemic
22,Training,T12,College lab,future eventive,D-N,Daniel's new safety qualification covers both Lab A and Lab B. Daniel is doing an experiment tomorrow.,It is possible for Daniel to work in Lab B tomorrow.,Which interpretation better matches what the speaker is talking about?,About whether Daniel working in Lab B tomorrow is allowed by the rules or permissions,About whether Daniel working in Lab B tomorrow is consistent with the available information,Expected root/deontic interpretation,Expected non-epistemic interpretation,Declarative,,4,About whether Daniel working in Lab B tomorrow is allowed by the <span style='color:#C62828'>rules or permissions</span>,About whether Daniel working in Lab B tomorrow is consistent with the <span style='color:#1565C0'>available information</span>,deontic-epistemic
23,Training,T12,College lab,past perfect / present progressive or stative,E-N,"Daniel's supervisor knows he is in either Lab A or Lab B, but the room log has not been updated. Daniel is doing an experiment right now.",It is possible for Daniel to be in Lab B now.,Which interpretation better matches what the speaker is talking about?,About whether Daniel being in Lab B now is allowed by the rules or permissions,About whether Daniel being in Lab B now is consistent with the available information,Expected non-deontic interpretation,Expected epistemic interpretation,Declarative,,3,About whether Daniel being in Lab B now is allowed by the <span style='color:#C62828'>rules or permissions</span>,About whether Daniel being in Lab B now is consistent with the <span style='color:#1565C0'>available information</span>,deontic-epistemic
24,Critical Test,C1,Zoo animal-care room,past perfect,E-D-N,"Aisha's classmates lost track of her after lunch, and the hallway camera near the animal-care room is being serviced. The animal-care room is reserved for zoo staff, while Aisha has a regular visitor wristband. Aisha is photographing exhibits at the zoo for a biology assignment.",It is possible for Aisha to have gone into the animal-care room.,Which interpretation better matches what the speaker is talking about?,About whether Aisha going into the animal-care room earlier was allowed by the rules or permissions,About whether Aisha going into the animal-care room earlier is consistent with the available information,,,,,3,About whether Aisha going into the animal-care room earlier was allowed by the <span style='color:#C62828'>rules or permissions</span>,About whether Aisha going into the animal-care room earlier is consistent with the <span style='color:#1565C0'>available information</span>,deontic-epistemic
25,Critical Test,C1,Zoo animal-care room,future eventive,N-D-E,"Aisha is volunteering at the zoo tomorrow as part of a conservation program. Aisha's volunteer credential permits her to work in the animal-care room. The finalized duty schedule assigns Aisha to the education kiosk for her entire shift, and her coordinator confirmed that assignment with her.",It is possible for Aisha to work in the animal-care room tomorrow.,Which interpretation better matches what the speaker is talking about?,About whether Aisha working in the animal-care room tomorrow is allowed by the rules or permissions,About whether Aisha working in the animal-care room tomorrow is consistent with the available information,,,,,4,About whether Aisha working in the animal-care room tomorrow is allowed by the <span style='color:#C62828'>rules or permissions</span>,About whether Aisha working in the animal-care room tomorrow is consistent with the <span style='color:#1565C0'>available information</span>,deontic-epistemic
26,Critical Test,C2,University observatory,present progressive,D-E-N,"The telescope control room is reserved for trained operators, and Theo has not completed the operator course. The other club members cannot find Theo right now, and the control-room door sensor is temporarily offline. Theo is at the university observatory with the astronomy club tonight.",It is possible for Theo to be working in the telescope control room now.,Which interpretation better matches what the speaker is talking about?,About whether Theo working in the telescope control room now is allowed by the rules or permissions,About whether Theo working in the telescope control room now is consistent with the available information,,,,,4,About whether Theo working in the telescope control room now is allowed by the <span style='color:#C62828'>rules or permissions</span>,About whether Theo working in the telescope control room now is consistent with the <span style='color:#1565C0'>available information</span>,deontic-epistemic
27,Critical Test,C2,University observatory,future eventive,E-D-N,"The final volunteer roster assigns Theo to greet visitors at the entrance for the entire event, and he confirmed that shift. He completed the operator course last month, so he is authorized to use the telescope control room. Theo is helping with a public astronomy night at the observatory tomorrow.",It is possible for Theo to work in the telescope control room tomorrow night.,Which interpretation better matches what the speaker is talking about?,About whether Theo working in the telescope control room tomorrow night is allowed by the rules or permissions,About whether Theo working in the telescope control room tomorrow night is consistent with the available information,,,,,3,About whether Theo working in the telescope control room tomorrow night is allowed by the <span style='color:#C62828'>rules or permissions</span>,About whether Theo working in the telescope control room tomorrow night is consistent with the <span style='color:#1565C0'>available information</span>,deontic-epistemic
28,Critical Test,C3,Student film studio,past perfect,N-D-E,"Grace spent the morning at a student film studio working on a documentary. The sound-mixing suite is reserved for post-production staff, while Grace is registered as part of the camera crew. The production log has a gap during the lunch break, and Grace's teammates do not know where she went.",It is possible for Grace to have gone into the sound-mixing suite.,Which interpretation better matches what the speaker is talking about?,About whether Grace going into the sound-mixing suite earlier was allowed by the rules or permissions,About whether Grace going into the sound-mixing suite earlier is consistent with the available information,,,,,3,About whether Grace going into the sound-mixing suite earlier was allowed by the <span style='color:#C62828'>rules or permissions</span>,About whether Grace going into the sound-mixing suite earlier is consistent with the <span style='color:#1565C0'>available information</span>,deontic-epistemic
29,Critical Test,C3,Student film studio,future eventive,D-E-N,"Grace has received an all-area crew badge that includes the sound-mixing suite. The locked shooting schedule assigns Grace to an outdoor location for the entire afternoon, and she confirmed the assignment today. Grace is returning to the film studio tomorrow for another production day.",It is possible for Grace to use the sound-mixing suite tomorrow afternoon.,Which interpretation better matches what the speaker is talking about?,About whether Grace using the sound-mixing suite tomorrow afternoon is allowed by the rules or permissions,About whether Grace using the sound-mixing suite tomorrow afternoon is consistent with the available information,,,,,4,About whether Grace using the sound-mixing suite tomorrow afternoon is allowed by the <span style='color:#C62828'>rules or permissions</span>,About whether Grace using the sound-mixing suite tomorrow afternoon is consistent with the <span style='color:#1565C0'>available information</span>,deontic-epistemic
30,Critical Test,C4,Hotel rooftop lounge,present stative,E-D-N,"Jordan's colleague cannot find them after lunch, and the elevator logs are unavailable during a system outage. The rooftop lounge is reserved for guests staying on the executive floors, while Jordan has a standard room. Jordan is attending a conference at a downtown hotel today.",It is possible for Jordan to be in the rooftop lounge now.,Which interpretation better matches what the speaker is talking about?,About whether Jordan being in the rooftop lounge now is allowed by the rules or permissions,About whether Jordan being in the rooftop lounge now is consistent with the available information,,,,,4,About whether Jordan being in the rooftop lounge now is allowed by the <span style='color:#C62828'>rules or permissions</span>,About whether Jordan being in the rooftop lounge now is consistent with the <span style='color:#1565C0'>available information</span>,deontic-epistemic
31,Critical Test,C4,Hotel rooftop lounge,future eventive,N-D-E,"Jordan is staying at the same hotel for the conference tomorrow. The hotel upgraded Jordan to an executive-floor room, which includes use of the rooftop lounge. Jordan's final conference program has them presenting throughout the lounge's afternoon opening hours, and the session chair confirmed the schedule.",It is possible for Jordan to sit in the rooftop lounge tomorrow afternoon.,Which interpretation better matches what the speaker is talking about?,About whether Jordan sitting in the rooftop lounge tomorrow afternoon is allowed by the rules or permissions,About whether Jordan sitting in the rooftop lounge tomorrow afternoon is consistent with the available information,,,,,3,About whether Jordan sitting in the rooftop lounge tomorrow afternoon is allowed by the <span style='color:#C62828'>rules or permissions</span>,About whether Jordan sitting in the rooftop lounge tomorrow afternoon is consistent with the <span style='color:#1565C0'>available information</span>,deontic-epistemic
32,Critical Test,C5,Aquatic center diving area,present progressive,D-E-N,"The high diving board is reserved for Level 3 swimmers, while Chloe is currently certified at Level 2. A teammate saw Chloe walking toward the diving area a few minutes ago, but nobody can see the platform from the pool deck. Chloe is at an aquatic center for swim-club practice this afternoon.",It is possible for Chloe to be using the high diving board now.,Which interpretation better matches what the speaker is talking about?,About whether Chloe using the high diving board now is allowed by the rules or permissions,About whether Chloe using the high diving board now is consistent with the available information,,,,,3,About whether Chloe using the high diving board now is allowed by the <span style='color:#C62828'>rules or permissions</span>,About whether Chloe using the high diving board now is consistent with the <span style='color:#1565C0'>available information</span>,deontic-epistemic
33,Critical Test,C5,Aquatic center diving area,future eventive,E-D-N,"The coach's finalized practice plan assigns Chloe to lap swimming for the entire session, and Chloe acknowledged the plan. She passed the Level 3 test this week, so she is now cleared to use the high diving board. Chloe is returning to the aquatic center for practice tomorrow.",It is possible for Chloe to use the high diving board tomorrow.,Which interpretation better matches what the speaker is talking about?,About whether Chloe using the high diving board tomorrow is allowed by the rules or permissions,About whether Chloe using the high diving board tomorrow is consistent with the available information,,,,,4,About whether Chloe using the high diving board tomorrow is allowed by the <span style='color:#C62828'>rules or permissions</span>,About whether Chloe using the high diving board tomorrow is consistent with the <span style='color:#1565C0'>available information</span>,deontic-epistemic
34,Critical Test,C6,Airport premium lounge,past perfect,N-D-E,"Marcus spent several hours at the airport yesterday waiting for a delayed flight. The premium lounge is reserved for business-class passengers, while Marcus was traveling on an economy ticket. Marcus's friends could not find him for part of the delay, and the lounge entry scanner was temporarily malfunctioning.",It is possible for Marcus to have waited in the premium lounge.,Which interpretation better matches what the speaker is talking about?,About whether Marcus waiting in the premium lounge earlier was allowed by the rules or permissions,About whether Marcus waiting in the premium lounge earlier is consistent with the available information,,,,,4,About whether Marcus waiting in the premium lounge earlier was allowed by the <span style='color:#C62828'>rules or permissions</span>,About whether Marcus waiting in the premium lounge earlier is consistent with the <span style='color:#1565C0'>available information</span>,deontic-epistemic
35,Critical Test,C6,Airport premium lounge,future eventive,D-E-N,"The airline upgraded Marcus to business class, so his ticket now includes the premium lounge. Marcus sent his family a detailed travel plan saying he will go directly from security to his gate, and he confirmed that he will not visit the lounge. Marcus is flying from the same airport again tomorrow.",It is possible for Marcus to wait in the premium lounge tomorrow.,Which interpretation better matches what the speaker is talking about?,About whether Marcus waiting in the premium lounge tomorrow is allowed by the rules or permissions,About whether Marcus waiting in the premium lounge tomorrow is consistent with the available information,,,,,3,About whether Marcus waiting in the premium lounge tomorrow is allowed by the <span style='color:#C62828'>rules or permissions</span>,About whether Marcus waiting in the premium lounge tomorrow is consistent with the <span style='color:#1565C0'>available information</span>,deontic-epistemic
36,Critical Test,C7,College radio station,present progressive,E-D-N,"The host stepped away to take a phone call and does not know where Elena went, and the hallway camera is turned off. The live recording booth is reserved for station members, while Elena is signed in as a guest. Elena is visiting the college radio station for a journalism project.",It is possible for Elena to be sitting in the live recording booth now.,Which interpretation better matches what the speaker is talking about?,About whether Elena sitting in the live recording booth now is allowed by the rules or permissions,About whether Elena sitting in the live recording booth now is consistent with the available information,,,,,3,About whether Elena sitting in the live recording booth now is allowed by the <span style='color:#C62828'>rules or permissions</span>,About whether Elena sitting in the live recording booth now is consistent with the <span style='color:#1565C0'>available information</span>,deontic-epistemic
37,Critical Test,C7,College radio station,future eventive,N-D-E,"Elena begins an internship at the radio station tomorrow. Elena's intern badge permits her to use the live recording booth. The finalized broadcast schedule assigns another intern to the booth and Elena to the front desk for the entire shift, and both assignments were confirmed.",It is possible for Elena to use the live recording booth tomorrow.,Which interpretation better matches what the speaker is talking about?,About whether Elena using the live recording booth tomorrow is allowed by the rules or permissions,About whether Elena using the live recording booth tomorrow is consistent with the available information,,,,,4,About whether Elena using the live recording booth tomorrow is allowed by the <span style='color:#C62828'>rules or permissions</span>,About whether Elena using the live recording booth tomorrow is consistent with the <span style='color:#1565C0'>available information</span>,deontic-epistemic
38,Critical Test,C8,Ski lodge tuning room,past perfect,D-E-N,"The ski-tuning room is reserved for lodge employees, while Ravi has an ordinary day pass. Ravi's friends last saw him near the service hallway, and the staff movement log is incomplete for that period. Ravi spent the morning at a ski lodge with several friends.",It is possible for Ravi to have gone into the ski-tuning room.,Which interpretation better matches what the speaker is talking about?,About whether Ravi going into the ski-tuning room earlier was allowed by the rules or permissions,About whether Ravi going into the ski-tuning room earlier is consistent with the available information,,,,,4,About whether Ravi going into the ski-tuning room earlier was allowed by the <span style='color:#C62828'>rules or permissions</span>,About whether Ravi going into the ski-tuning room earlier is consistent with the <span style='color:#1565C0'>available information</span>,deontic-epistemic
39,Critical Test,C8,Ski lodge tuning room,future eventive,E-D-N,"The final duty roster assigns Ravi as a course marshal outdoors for the entire event, and he confirmed the assignment. His volunteer credential includes the ski-tuning room. Ravi is volunteering at a ski race at the lodge tomorrow.",It is possible for Ravi to work in the ski-tuning room tomorrow.,Which interpretation better matches what the speaker is talking about?,About whether Ravi working in the ski-tuning room tomorrow is allowed by the rules or permissions,About whether Ravi working in the ski-tuning room tomorrow is consistent with the available information,,,,,3,About whether Ravi working in the ski-tuning room tomorrow is allowed by the <span style='color:#C62828'>rules or permissions</span>,About whether Ravi working in the ski-tuning room tomorrow is consistent with the <span style='color:#1565C0'>available information</span>,deontic-epistemic
40,Filler,F1,Ice rink warm-up studio,future eventive,N-D-E,"Tessa is taking part in a figure-skating clinic tomorrow. Tessa's clinic pass includes use of the warm-up studio. Tessa told her coach that she plans to practice there before the first session, and the schedule lists that warm-up period.",It is possible for Tessa to practice in the warm-up studio tomorrow morning.,Which interpretation better matches what the speaker is talking about?,About whether Tessa practicing in the warm-up studio tomorrow morning is allowed by the rules or permissions,About whether Tessa practicing in the warm-up studio tomorrow morning is consistent with the available information,,,,,3,About whether Tessa practicing in the warm-up studio tomorrow morning is allowed by the <span style='color:#C62828'>rules or permissions</span>,About whether Tessa practicing in the warm-up studio tomorrow morning is consistent with the <span style='color:#1565C0'>available information</span>,deontic-epistemic
41,Filler,F2,Cinema projection booth,past perfect,D-E-N,"The projection booth is restricted to cinema employees, while Amir had a standard festival ticket. Security footage shows Amir remained in the auditorium and lobby throughout the screening. Amir attended a film festival at a local cinema yesterday.",It is possible for Amir to have entered the projection booth.,Which interpretation better matches what the speaker is talking about?,About whether Amir entering the projection booth earlier was allowed by the rules or permissions,About whether Amir entering the projection booth earlier is consistent with the available information,,,,,4,About whether Amir entering the projection booth earlier was allowed by the <span style='color:#C62828'>rules or permissions</span>,About whether Amir entering the projection booth earlier is consistent with the <span style='color:#1565C0'>available information</span>,deontic-epistemic
42,Filler,F3,Bakery decorating station,present progressive,E-D-N,"A coworker saw Zoe carry a tray of cupcakes to the decorating station a few minutes ago and has not seen her leave. She completed the bakery's food-handling orientation, which qualifies volunteers to use the decorating station. Zoe is helping at a bakery fundraiser this afternoon.",It is possible for Zoe to be working at the decorating station now.,Which interpretation better matches what the speaker is talking about?,About whether Zoe working at the decorating station now is allowed by the rules or permissions,About whether Zoe working at the decorating station now is consistent with the available information,,,,,4,About whether Zoe working at the decorating station now is allowed by the <span style='color:#C62828'>rules or permissions</span>,About whether Zoe working at the decorating station now is consistent with the <span style='color:#1565C0'>available information</span>,deontic-epistemic
43,Filler,F4,Music school faculty practice room,future eventive,N-D-E,"Henry is attending a piano recital at a music school tomorrow. The faculty practice room is reserved for instructors, while Henry is attending as a guest performer. Henry's finalized recital schedule places him in the main hall throughout the only period when the faculty room is open, and he confirmed the schedule.",It is possible for Henry to practice in the faculty room tomorrow afternoon.,Which interpretation better matches what the speaker is talking about?,About whether Henry practicing in the faculty room tomorrow afternoon is allowed by the rules or permissions,About whether Henry practicing in the faculty room tomorrow afternoon is consistent with the available information,,,,,3,About whether Henry practicing in the faculty room tomorrow afternoon is allowed by the <span style='color:#C62828'>rules or permissions</span>,About whether Henry practicing in the faculty room tomorrow afternoon is consistent with the <span style='color:#1565C0'>available information</span>,deontic-epistemic
44,Filler,F5,Hotel conference suite,past perfect,D-E-N,"June's registration included the afternoon breakout session in Conference Suite B. June's attendance badge was scanned at Suite B, and a colleague remembers sitting beside her there. June attended a professional workshop at a hotel yesterday.",It is possible for June to have attended the session in Conference Suite B.,Which interpretation better matches what the speaker is talking about?,About whether June attending the session in Conference Suite B earlier was allowed by the rules or permissions,About whether June attending the session in Conference Suite B earlier is consistent with the available information,,,,,3,About whether June attending the session in Conference Suite B earlier was allowed by the <span style='color:#C62828'>rules or permissions</span>,About whether June attending the session in Conference Suite B earlier is consistent with the <span style='color:#1565C0'>available information</span>,deontic-epistemic
45,Filler,F6,Animal shelter medication room,present stative,E-D-N,"A staff member has stayed with Samuel in the adoption room continuously since he arrived. The medication room is reserved for shelter employees and veterinarians, while Samuel is signed in as a visitor. Samuel is visiting an animal shelter today to meet a cat he may adopt.",It is possible for Samuel to be in the medication room now.,Which interpretation better matches what the speaker is talking about?,About whether Samuel being in the medication room now is allowed by the rules or permissions,About whether Samuel being in the medication room now is consistent with the available information,,,,,4,About whether Samuel being in the medication room now is allowed by the <span style='color:#C62828'>rules or permissions</span>,About whether Samuel being in the medication room now is consistent with the <span style='color:#1565C0'>available information</span>,deontic-epistemic
46,Filler,F7,Kayak boathouse equipment bay,future eventive,N-D-E,"Leah is taking a kayaking course at a boathouse tomorrow. Leah's course registration includes use of the equipment bay. The instructor assigned Leah to pick up the group's paddles there before class, and Leah confirmed that task.",It is possible for Leah to go into the equipment bay tomorrow morning.,Which interpretation better matches what the speaker is talking about?,About whether Leah going into the equipment bay tomorrow morning is allowed by the rules or permissions,About whether Leah going into the equipment bay tomorrow morning is consistent with the available information,,,,,4,About whether Leah going into the equipment bay tomorrow morning is allowed by the <span style='color:#C62828'>rules or permissions</span>,About whether Leah going into the equipment bay tomorrow morning is consistent with the <span style='color:#1565C0'>available information</span>,deontic-epistemic
47,Filler,F8,Warehouse loading bay,past perfect,D-E-N,"The loading bay is restricted to warehouse workers, while Colin had a visitor badge. Colin's escort log shows that he remained with the office tour group for the entire visit. Colin toured a distribution warehouse yesterday as part of an office visit.",It is possible for Colin to have gone into the loading bay.,Which interpretation better matches what the speaker is talking about?,About whether Colin going into the loading bay earlier was allowed by the rules or permissions,About whether Colin going into the loading bay earlier is consistent with the available information,,,,,3,About whether Colin going into the loading bay earlier was allowed by the <span style='color:#C62828'>rules or permissions</span>,About whether Colin going into the loading bay earlier is consistent with the <span style='color:#1565C0'>available information</span>,deontic-epistemic
0,Training,T1,Museum entrance,future eventive,N-D,Lina is visiting a history museum tomorrow for a class project. Lina has a green visitor badge that is valid at both the main entrance and the side entrance.,Lina may use the side entrance tomorrow.,Which interpretation better matches what the speaker is talking about?,About whether Lina using the side entrance tomorrow is allowed by the rules or permissions,About whether Lina using the side entrance tomorrow is consistent with the available information,Expected root/deontic interpretation,Expected non-epistemic interpretation,Declarative,possible,5,About whether Lina using the side entrance tomorrow is consistent with the <span style='color:#C62828'>available information</span>,About whether Lina using the side entrance tomorrow is allowed by the <span style='color:#1565C0'>rules or permissions</span>,epistemic-deontic
1,Training,T1,Museum entrance,past perfect / present progressive or stative,N-E,"Lina visited a history museum this morning for a class project. Lina's classmate knows she entered through either the main entrance or the side entrance, but did not see which one.",Lina may have used the side entrance.,Which interpretation better matches what the speaker is talking about?,About whether Lina using the side entrance earlier was allowed by the rules or permissions,About whether Lina using the side entrance earlier is consistent with the available information,Expected non-deontic interpretation,Expected epistemic interpretation,Declarative,possible,6,About whether Lina using the side entrance earlier is consistent with the <span style='color:#C62828'>available information</span>,About whether Lina using the side entrance earlier was allowed by the <span style='color:#1565C0'>rules or permissions</span>,epistemic-deontic
2,Training,T2,Library rooms,future eventive,N-D,Priya is doing research at the library tomorrow. Priya's researcher card lists both the reading room and the map room.,Which room may Priya work in tomorrow?,Which interpretation better matches what the speaker is asking about?,About which room her working in tomorrow is allowed by the rules or permissions,About which room her working in tomorrow is consistent with the available information,Expected root/deontic interpretation,Expected non-epistemic interpretation,Wh-question,possible,6,About which room her working in tomorrow is consistent with the <span style='color:#C62828'>available information</span>,About which room her working in tomorrow is allowed by the <span style='color:#1565C0'>rules or permissions</span>,epistemic-deontic
3,Training,T2,Library rooms,past perfect / present progressive or stative,N-E,Priya is doing research at the library right now. Priya's classmate knows she is in either the reading room or the map room but has not found her yet.,Which room may Priya be working in now?,Which interpretation better matches what the speaker is asking about?,About which room her working in now is allowed by the rules or permissions,About which room her working in now is consistent with the available information,Expected non-deontic interpretation,Expected epistemic interpretation,Wh-question,possible,5,About which room her working in now is consistent with the <span style='color:#C62828'>available information</span>,About which room her working in now is allowed by the <span style='color:#1565C0'>rules or permissions</span>,epistemic-deontic
4,Training,T3,Community center,future eventive,N-D,Nora is going to the community center this afternoon. Nora's membership includes both the swimming pool and the climbing area.,Nora may use the pool this afternoon.,Which interpretation better matches what the speaker is talking about?,About whether Nora using the pool this afternoon is allowed by the rules or permissions,About whether Nora using the pool this afternoon is consistent with the available information,Expected root/deontic interpretation,Expected non-epistemic interpretation,Declarative,possible,5,About whether Nora using the pool this afternoon is consistent with the <span style='color:#C62828'>available information</span>,About whether Nora using the pool this afternoon is allowed by the <span style='color:#1565C0'>rules or permissions</span>,epistemic-deontic
5,Training,T3,Community center,past perfect / present progressive or stative,N-E,"Nora is at the community center right now. The front desk knows Nora chose either swimming or climbing, but her activity was not recorded.",Nora may be swimming now.,Which interpretation better matches what the speaker is talking about?,About whether Nora swimming now is allowed by the rules or permissions,About whether Nora swimming now is consistent with the available information,Expected non-deontic interpretation,Expected epistemic interpretation,Declarative,possible,6,About whether Nora swimming now is consistent with the <span style='color:#C62828'>available information</span>,About whether Nora swimming now is allowed by the <span style='color:#1565C0'>rules or permissions</span>,epistemic-deontic
6,Training,T4,Train,future eventive,N-D,Kai is traveling home tomorrow. Kai's flexible ticket is valid on both the 3:15 train and the 4:00 train.,Which train may Kai take tomorrow?,Which interpretation better matches what the speaker is asking about?,About which train him taking tomorrow is allowed by the rules or permissions,About which train him taking tomorrow is consistent with the available information,Expected root/deontic interpretation,Expected non-epistemic interpretation,Wh-question,possible,6,About which train him taking tomorrow is consistent with the <span style='color:#C62828'>available information</span>,About which train him taking tomorrow is allowed by the <span style='color:#1565C0'>rules or permissions</span>,epistemic-deontic
7,Training,T4,Train,past perfect / present progressive or stative,N-E,Kai traveled home earlier today. Kai's friend knows he took either the 3:15 train or the 4:00 train but has not heard which one.,Which train may Kai have taken?,Which interpretation better matches what the speaker is asking about?,About which train him having taken earlier is allowed by the rules or permissions,About which train him having taken earlier is consistent with the available information,Expected non-deontic interpretation,Expected epistemic interpretation,Wh-question,possible,5,About which train him having taken earlier is consistent with the <span style='color:#C62828'>available information</span>,About which train him having taken earlier is allowed by the <span style='color:#1565C0'>rules or permissions</span>,epistemic-deontic
8,Training,T5,Parking,future eventive,N-D,Omar is driving to a concert tomorrow. Omar's parking sticker covers both the north lot and the west lot.,May Omar park in the west lot tomorrow?,Which interpretation better matches what the speaker is talking about?,About whether Omar parking in the west lot tomorrow is allowed by the rules or permissions,About whether Omar parking in the west lot tomorrow is consistent with the available information,Expected root/deontic interpretation,Expected non-epistemic interpretation,Yes/no inversion,possible,5,About whether Omar parking in the west lot tomorrow is consistent with the <span style='color:#C62828'>available information</span>,About whether Omar parking in the west lot tomorrow is allowed by the <span style='color:#1565C0'>rules or permissions</span>,epistemic-deontic
9,Training,T5,Parking,past perfect / present progressive or stative,N-E,"Omar drove to a concert earlier today. Omar's friends know his car is in either the north lot or the west lot, but they have not located it yet.",May Omar be parked in the west lot now?,Which interpretation better matches what the speaker is talking about?,About whether Omar being parked in the west lot now is allowed by the rules or permissions,About whether Omar being parked in the west lot now is consistent with the available information,Expected non-deontic interpretation,Expected epistemic interpretation,Yes/no inversion,possible,6,About whether Omar being parked in the west lot now is consistent with the <span style='color:#C62828'>available information</span>,About whether Omar being parked in the west lot now is allowed by the <span style='color:#1565C0'>rules or permissions</span>,epistemic-deontic
10,Training,T6,Theater,future eventive,N-D,Maya is going to a play tonight with her drama club. Maya's silver ticket is accepted in either the main-floor section or the balcony.,May Maya sit in the balcony tonight?,Which interpretation better matches what the speaker is talking about?,About whether Maya sitting in the balcony tonight is allowed by the rules or permissions,About whether Maya sitting in the balcony tonight is consistent with the available information,Expected root/deontic interpretation,Expected non-epistemic interpretation,Yes/no inversion,possible,6,About whether Maya sitting in the balcony tonight is consistent with the <span style='color:#C62828'>available information</span>,About whether Maya sitting in the balcony tonight is allowed by the <span style='color:#1565C0'>rules or permissions</span>,epistemic-deontic
11,Training,T6,Theater,past perfect / present progressive or stative,N-E,Maya is watching a play right now with her drama club. Maya's friends know her seat is either on the main floor or in the balcony but cannot see her from where they are sitting.,May Maya be sitting in the balcony now?,Which interpretation better matches what the speaker is talking about?,About whether Maya sitting in the balcony now is allowed by the rules or permissions,About whether Maya sitting in the balcony now is consistent with the available information,Expected non-deontic interpretation,Expected epistemic interpretation,Yes/no inversion,possible,5,About whether Maya sitting in the balcony now is consistent with the <span style='color:#C62828'>available information</span>,About whether Maya sitting in the balcony now is allowed by the <span style='color:#1565C0'>rules or permissions</span>,epistemic-deontic
12,Training,T7,Art studio,future eventive,N-D,"Eli is taking an art workshop tomorrow. Eli completed the advanced course last month, which qualifies him to use both the ceramics studio and the print room.",Eli may use the print room tomorrow.,Which interpretation better matches what the speaker is talking about?,About whether Eli using the print room tomorrow is allowed by the rules or permissions,About whether Eli using the print room tomorrow is consistent with the available information,Expected root/deontic interpretation,Expected non-epistemic interpretation,Declarative,possible,5,About whether Eli using the print room tomorrow is consistent with the <span style='color:#C62828'>available information</span>,About whether Eli using the print room tomorrow is allowed by the <span style='color:#1565C0'>rules or permissions</span>,epistemic-deontic
13,Training,T7,Art studio,past perfect / present progressive or stative,N-E,Eli attended an art workshop this morning. The instructor knows Eli spent the second half of class either in the ceramics studio or in the print room but does not remember which.,Eli may have worked in the print room this morning.,Which interpretation better matches what the speaker is talking about?,About whether Eli working in the print room this morning was allowed by the rules or permissions,About whether Eli working in the print room this morning is consistent with the available information,Expected non-deontic interpretation,Expected epistemic interpretation,Declarative,possible,6,About whether Eli working in the print room this morning is consistent with the <span style='color:#C62828'>available information</span>,About whether Eli working in the print room this morning was allowed by the <span style='color:#1565C0'>rules or permissions</span>,epistemic-deontic
14,Training,T8,Ferry,future eventive,N-D,"Sofia is taking a ferry tomorrow for a family trip. Sofia's ticket is marked “all decks,” including both the lower and upper decks.",Which deck may Sofia sit on tomorrow?,Which interpretation better matches what the speaker is asking about?,About which deck her sitting on tomorrow is allowed by the rules or permissions,About which deck her sitting on tomorrow is consistent with the available information,Expected root/deontic interpretation,Expected non-epistemic interpretation,Wh-question,possible,6,About which deck her sitting on tomorrow is consistent with the <span style='color:#C62828'>available information</span>,About which deck her sitting on tomorrow is allowed by the <span style='color:#1565C0'>rules or permissions</span>,epistemic-deontic
15,Training,T8,Ferry,past perfect / present progressive or stative,N-E,"Sofia is on the ferry right now. Sofia's family knows she chose either the lower deck or the upper deck, but they have not found her yet.",Which deck may Sofia be sitting on now?,Which interpretation better matches what the speaker is asking about?,About which deck her sitting on now is allowed by the rules or permissions,About which deck her sitting on now is consistent with the available information,Expected non-deontic interpretation,Expected epistemic interpretation,Wh-question,possible,5,About which deck her sitting on now is consistent with the <span style='color:#C62828'>available information</span>,About which deck her sitting on now is allowed by the <span style='color:#1565C0'>rules or permissions</span>,epistemic-deontic
16,Training,T9,Festival gate,future eventive,N-D,Mateo is going to a music festival tonight. Mateo's staff wristband is valid at both the north gate and the south gate.,May Mateo enter through the south gate tonight?,Which interpretation better matches what the speaker is talking about?,About whether Mateo entering through the south gate tonight is allowed by the rules or permissions,About whether Mateo entering through the south gate tonight is consistent with the available information,Expected root/deontic interpretation,Expected non-epistemic interpretation,Yes/no inversion,possible,5,About whether Mateo entering through the south gate tonight is consistent with the <span style='color:#C62828'>available information</span>,About whether Mateo entering through the south gate tonight is allowed by the <span style='color:#1565C0'>rules or permissions</span>,epistemic-deontic
17,Training,T9,Festival gate,past perfect / present progressive or stative,N-E,"Mateo arrived at a music festival earlier tonight. Mateo's friends know he entered through either the north gate or the south gate, but no one saw him arrive.",May Mateo have entered through the south gate?,Which interpretation better matches what the speaker is talking about?,About whether Mateo entering through the south gate earlier was allowed by the rules or permissions,About whether Mateo entering through the south gate earlier is consistent with the available information,Expected non-deontic interpretation,Expected epistemic interpretation,Yes/no inversion,possible,6,About whether Mateo entering through the south gate earlier is consistent with the <span style='color:#C62828'>available information</span>,About whether Mateo entering through the south gate earlier was allowed by the <span style='color:#1565C0'>rules or permissions</span>,epistemic-deontic
18,Training,T10,Workshop equipment,future eventive,N-D,Ben is working in a community workshop tomorrow. Ben's safety certificate lists both the power drill and the laser cutter.,Which tool may Ben use tomorrow?,Which interpretation better matches what the speaker is asking about?,About which tool him using tomorrow is allowed by the rules or permissions,About which tool him using tomorrow is consistent with the available information,Expected root/deontic interpretation,Expected non-epistemic interpretation,Wh-question,possible,6,About which tool him using tomorrow is consistent with the <span style='color:#C62828'>available information</span>,About which tool him using tomorrow is allowed by the <span style='color:#1565C0'>rules or permissions</span>,epistemic-deontic
19,Training,T10,Workshop equipment,past perfect / present progressive or stative,N-E,Ben is working in a community workshop right now. Ben's coworker knows his project uses either the power drill or the laser cutter but cannot see which machine he chose.,Which tool may Ben be using now?,Which interpretation better matches what the speaker is asking about?,About which tool him using now is allowed by the rules or permissions,About which tool him using now is consistent with the available information,Expected non-deontic interpretation,Expected epistemic interpretation,Wh-question,possible,5,About which tool him using now is consistent with the <span style='color:#C62828'>available information</span>,About which tool him using now is allowed by the <span style='color:#1565C0'>rules or permissions</span>,epistemic-deontic
20,Training,T11,Community kitchen,future eventive,N-D,"Nina is volunteering at a community center tomorrow. Nina completed the food-safety course, which qualifies volunteers to work at both the preparation and cooking stations.",May Nina work at the cooking station tomorrow?,Which interpretation better matches what the speaker is talking about?,About whether Nina working at the cooking station tomorrow is allowed by the rules or permissions,About whether Nina working at the cooking station tomorrow is consistent with the available information,Expected root/deontic interpretation,Expected non-epistemic interpretation,Yes/no inversion,possible,5,About whether Nina working at the cooking station tomorrow is consistent with the <span style='color:#C62828'>available information</span>,About whether Nina working at the cooking station tomorrow is allowed by the <span style='color:#1565C0'>rules or permissions</span>,epistemic-deontic
21,Training,T11,Community kitchen,past perfect / present progressive or stative,N-E,Nina is volunteering at the community center right now. Nina's coordinator knows she was assigned either to food preparation or to cooking but has not checked which station she is at.,May Nina be working at the cooking station now?,Which interpretation better matches what the speaker is talking about?,About whether Nina working at the cooking station now is allowed by the rules or permissions,About whether Nina working at the cooking station now is consistent with the available information,Expected non-deontic interpretation,Expected epistemic interpretation,Yes/no inversion,possible,6,About whether Nina working at the cooking station now is consistent with the <span style='color:#C62828'>available information</span>,About whether Nina working at the cooking station now is allowed by the <span style='color:#1565C0'>rules or permissions</span>,epistemic-deontic
22,Training,T12,College lab,future eventive,N-D,Daniel is doing an experiment tomorrow. Daniel's new safety qualification covers both Lab A and Lab B.,Daniel may work in Lab B tomorrow.,Which interpretation better matches what the speaker is talking about?,About whether Daniel working in Lab B tomorrow is allowed by the rules or permissions,About whether Daniel working in Lab B tomorrow is consistent with the available information,Expected root/deontic interpretation,Expected non-epistemic interpretation,Declarative,possible,6,About whether Daniel working in Lab B tomorrow is consistent with the <span style='color:#C62828'>available information</span>,About whether Daniel working in Lab B tomorrow is allowed by the <span style='color:#1565C0'>rules or permissions</span>,epistemic-deontic
23,Training,T12,College lab,past perfect / present progressive or stative,N-E,"Daniel is doing an experiment right now. Daniel's supervisor knows he is in either Lab A or Lab B, but the room log has not been updated.",Daniel may be in Lab B now.,Which interpretation better matches what the speaker is talking about?,About whether Daniel being in Lab B now is allowed by the rules or permissions,About whether Daniel being in Lab B now is consistent with the available information,Expected non-deontic interpretation,Expected epistemic interpretation,Declarative,possible,5,About whether Daniel being in Lab B now is consistent with the <span style='color:#C62828'>available information</span>,About whether Daniel being in Lab B now is allowed by the <span style='color:#1565C0'>rules or permissions</span>,epistemic-deontic
24,Critical Test,C1,Zoo animal-care room,past perfect,N-E-D,"Aisha is photographing exhibits at the zoo for a biology assignment. Aisha's classmates lost track of her after lunch, and the hallway camera near the animal-care room is being serviced. The animal-care room is reserved for zoo staff, while Aisha has a regular visitor wristband.",Aisha may have gone into the animal-care room.,Which interpretation better matches what the speaker is talking about?,About whether Aisha going into the animal-care room earlier was allowed by the rules or permissions,About whether Aisha going into the animal-care room earlier is consistent with the available information,,,,possible,5,About whether Aisha going into the animal-care room earlier is consistent with the <span style='color:#C62828'>available information</span>,About whether Aisha going into the animal-care room earlier was allowed by the <span style='color:#1565C0'>rules or permissions</span>,epistemic-deontic
25,Critical Test,C1,Zoo animal-care room,future eventive,D-N-E,"Aisha's volunteer credential permits her to work in the animal-care room. Aisha is volunteering at the zoo tomorrow as part of a conservation program. The finalized duty schedule assigns Aisha to the education kiosk for her entire shift, and her coordinator confirmed that assignment with her.",Aisha may work in the animal-care room tomorrow.,Which interpretation better matches what the speaker is talking about?,About whether Aisha working in the animal-care room tomorrow is allowed by the rules or permissions,About whether Aisha working in the animal-care room tomorrow is consistent with the available information,,,,possible,6,About whether Aisha working in the animal-care room tomorrow is consistent with the <span style='color:#C62828'>available information</span>,About whether Aisha working in the animal-care room tomorrow is allowed by the <span style='color:#1565C0'>rules or permissions</span>,epistemic-deontic
26,Critical Test,C2,University observatory,present progressive,E-N-D,"The other club members cannot find Theo right now, and the control-room door sensor is temporarily offline. Theo is at the university observatory with the astronomy club tonight. The telescope control room is reserved for trained operators, and Theo has not completed the operator course.",Theo may be working in the telescope control room now.,Which interpretation better matches what the speaker is talking about?,About whether Theo working in the telescope control room now is allowed by the rules or permissions,About whether Theo working in the telescope control room now is consistent with the available information,,,,possible,6,About whether Theo working in the telescope control room now is consistent with the <span style='color:#C62828'>available information</span>,About whether Theo working in the telescope control room now is allowed by the <span style='color:#1565C0'>rules or permissions</span>,epistemic-deontic
27,Critical Test,C2,University observatory,future eventive,N-E-D,"Theo is helping with a public astronomy night at the observatory tomorrow. The final volunteer roster assigns Theo to greet visitors at the entrance for the entire event, and he confirmed that shift. He completed the operator course last month, so he is authorized to use the telescope control room.",Theo may work in the telescope control room tomorrow night.,Which interpretation better matches what the speaker is talking about?,About whether Theo working in the telescope control room tomorrow night is allowed by the rules or permissions,About whether Theo working in the telescope control room tomorrow night is consistent with the available information,,,,possible,5,About whether Theo working in the telescope control room tomorrow night is consistent with the <span style='color:#C62828'>available information</span>,About whether Theo working in the telescope control room tomorrow night is allowed by the <span style='color:#1565C0'>rules or permissions</span>,epistemic-deontic
28,Critical Test,C3,Student film studio,past perfect,D-N-E,"The sound-mixing suite is reserved for post-production staff, while Grace is registered as part of the camera crew. Grace spent the morning at a student film studio working on a documentary. The production log has a gap during the lunch break, and Grace's teammates do not know where she went.",Grace may have gone into the sound-mixing suite.,Which interpretation better matches what the speaker is talking about?,About whether Grace going into the sound-mixing suite earlier was allowed by the rules or permissions,About whether Grace going into the sound-mixing suite earlier is consistent with the available information,,,,possible,5,About whether Grace going into the sound-mixing suite earlier is consistent with the <span style='color:#C62828'>available information</span>,About whether Grace going into the sound-mixing suite earlier was allowed by the <span style='color:#1565C0'>rules or permissions</span>,epistemic-deontic
29,Critical Test,C3,Student film studio,future eventive,E-N-D,"The locked shooting schedule assigns Grace to an outdoor location for the entire afternoon, and she confirmed the assignment today. Grace is returning to the film studio tomorrow for another production day. Grace has received an all-area crew badge that includes the sound-mixing suite.",Grace may use the sound-mixing suite tomorrow afternoon.,Which interpretation better matches what the speaker is talking about?,About whether Grace using the sound-mixing suite tomorrow afternoon is allowed by the rules or permissions,About whether Grace using the sound-mixing suite tomorrow afternoon is consistent with the available information,,,,possible,6,About whether Grace using the sound-mixing suite tomorrow afternoon is consistent with the <span style='color:#C62828'>available information</span>,About whether Grace using the sound-mixing suite tomorrow afternoon is allowed by the <span style='color:#1565C0'>rules or permissions</span>,epistemic-deontic
30,Critical Test,C4,Hotel rooftop lounge,present stative,N-E-D,"Jordan is attending a conference at a downtown hotel today. Jordan's colleague cannot find them after lunch, and the elevator logs are unavailable during a system outage. The rooftop lounge is reserved for guests staying on the executive floors, while Jordan has a standard room.",Jordan may be in the rooftop lounge now.,Which interpretation better matches what the speaker is talking about?,About whether Jordan being in the rooftop lounge now is allowed by the rules or permissions,About whether Jordan being in the rooftop lounge now is consistent with the available information,,,,possible,6,About whether Jordan being in the rooftop lounge now is consistent with the <span style='color:#C62828'>available information</span>,About whether Jordan being in the rooftop lounge now is allowed by the <span style='color:#1565C0'>rules or permissions</span>,epistemic-deontic
31,Critical Test,C4,Hotel rooftop lounge,future eventive,D-N-E,"The hotel upgraded Jordan to an executive-floor room, which includes use of the rooftop lounge. Jordan is staying at the same hotel for the conference tomorrow. Jordan's final conference program has them presenting throughout the lounge's afternoon opening hours, and the session chair confirmed the schedule.",Jordan may sit in the rooftop lounge tomorrow afternoon.,Which interpretation better matches what the speaker is talking about?,About whether Jordan sitting in the rooftop lounge tomorrow afternoon is allowed by the rules or permissions,About whether Jordan sitting in the rooftop lounge tomorrow afternoon is consistent with the available information,,,,possible,5,About whether Jordan sitting in the rooftop lounge tomorrow afternoon is consistent with the <span style='color:#C62828'>available information</span>,About whether Jordan sitting in the rooftop lounge tomorrow afternoon is allowed by the <span style='color:#1565C0'>rules or permissions</span>,epistemic-deontic
32,Critical Test,C5,Aquatic center diving area,present progressive,E-N-D,"A teammate saw Chloe walking toward the diving area a few minutes ago, but nobody can see the platform from the pool deck. Chloe is at an aquatic center for swim-club practice this afternoon. The high diving board is reserved for Level 3 swimmers, while Chloe is currently certified at Level 2.",Chloe may be using the high diving board now.,Which interpretation better matches what the speaker is talking about?,About whether Chloe using the high diving board now is allowed by the rules or permissions,About whether Chloe using the high diving board now is consistent with the available information,,,,possible,5,About whether Chloe using the high diving board now is consistent with the <span style='color:#C62828'>available information</span>,About whether Chloe using the high diving board now is allowed by the <span style='color:#1565C0'>rules or permissions</span>,epistemic-deontic
33,Critical Test,C5,Aquatic center diving area,future eventive,N-E-D,"Chloe is returning to the aquatic center for practice tomorrow. The coach's finalized practice plan assigns Chloe to lap swimming for the entire session, and Chloe acknowledged the plan. She passed the Level 3 test this week, so she is now cleared to use the high diving board.",Chloe may use the high diving board tomorrow.,Which interpretation better matches what the speaker is talking about?,About whether Chloe using the high diving board tomorrow is allowed by the rules or permissions,About whether Chloe using the high diving board tomorrow is consistent with the available information,,,,possible,6,About whether Chloe using the high diving board tomorrow is consistent with the <span style='color:#C62828'>available information</span>,About whether Chloe using the high diving board tomorrow is allowed by the <span style='color:#1565C0'>rules or permissions</span>,epistemic-deontic
34,Critical Test,C6,Airport premium lounge,past perfect,D-N-E,"The premium lounge is reserved for business-class passengers, while Marcus was traveling on an economy ticket. Marcus spent several hours at the airport yesterday waiting for a delayed flight. Marcus's friends could not find him for part of the delay, and the lounge entry scanner was temporarily malfunctioning.",Marcus may have waited in the premium lounge.,Which interpretation better matches what the speaker is talking about?,About whether Marcus waiting in the premium lounge earlier was allowed by the rules or permissions,About whether Marcus waiting in the premium lounge earlier is consistent with the available information,,,,possible,6,About whether Marcus waiting in the premium lounge earlier is consistent with the <span style='color:#C62828'>available information</span>,About whether Marcus waiting in the premium lounge earlier was allowed by the <span style='color:#1565C0'>rules or permissions</span>,epistemic-deontic
35,Critical Test,C6,Airport premium lounge,future eventive,E-N-D,"Marcus sent his family a detailed travel plan saying he will go directly from security to his gate, and he confirmed that he will not visit the lounge. Marcus is flying from the same airport again tomorrow. The airline upgraded Marcus to business class, so his ticket now includes the premium lounge.",Marcus may wait in the premium lounge tomorrow.,Which interpretation better matches what the speaker is talking about?,About whether Marcus waiting in the premium lounge tomorrow is allowed by the rules or permissions,About whether Marcus waiting in the premium lounge tomorrow is consistent with the available information,,,,possible,5,About whether Marcus waiting in the premium lounge tomorrow is consistent with the <span style='color:#C62828'>available information</span>,About whether Marcus waiting in the premium lounge tomorrow is allowed by the <span style='color:#1565C0'>rules or permissions</span>,epistemic-deontic
36,Critical Test,C7,College radio station,present progressive,N-E-D,"Elena is visiting the college radio station for a journalism project. The host stepped away to take a phone call and does not know where Elena went, and the hallway camera is turned off. The live recording booth is reserved for station members, while Elena is signed in as a guest.",Elena may be sitting in the live recording booth now.,Which interpretation better matches what the speaker is talking about?,About whether Elena sitting in the live recording booth now is allowed by the rules or permissions,About whether Elena sitting in the live recording booth now is consistent with the available information,,,,possible,5,About whether Elena sitting in the live recording booth now is consistent with the <span style='color:#C62828'>available information</span>,About whether Elena sitting in the live recording booth now is allowed by the <span style='color:#1565C0'>rules or permissions</span>,epistemic-deontic
37,Critical Test,C7,College radio station,future eventive,D-N-E,"Elena's intern badge permits her to use the live recording booth. Elena begins an internship at the radio station tomorrow. The finalized broadcast schedule assigns another intern to the booth and Elena to the front desk for the entire shift, and both assignments were confirmed.",Elena may use the live recording booth tomorrow.,Which interpretation better matches what the speaker is talking about?,About whether Elena using the live recording booth tomorrow is allowed by the rules or permissions,About whether Elena using the live recording booth tomorrow is consistent with the available information,,,,possible,6,About whether Elena using the live recording booth tomorrow is consistent with the <span style='color:#C62828'>available information</span>,About whether Elena using the live recording booth tomorrow is allowed by the <span style='color:#1565C0'>rules or permissions</span>,epistemic-deontic
38,Critical Test,C8,Ski lodge tuning room,past perfect,E-N-D,"Ravi's friends last saw him near the service hallway, and the staff movement log is incomplete for that period. Ravi spent the morning at a ski lodge with several friends. The ski-tuning room is reserved for lodge employees, while Ravi has an ordinary day pass.",Ravi may have gone into the ski-tuning room.,Which interpretation better matches what the speaker is talking about?,About whether Ravi going into the ski-tuning room earlier was allowed by the rules or permissions,About whether Ravi going into the ski-tuning room earlier is consistent with the available information,,,,possible,6,About whether Ravi going into the ski-tuning room earlier is consistent with the <span style='color:#C62828'>available information</span>,About whether Ravi going into the ski-tuning room earlier was allowed by the <span style='color:#1565C0'>rules or permissions</span>,epistemic-deontic
39,Critical Test,C8,Ski lodge tuning room,future eventive,N-E-D,"Ravi is volunteering at a ski race at the lodge tomorrow. The final duty roster assigns Ravi as a course marshal outdoors for the entire event, and he confirmed the assignment. His volunteer credential includes the ski-tuning room.",Ravi may work in the ski-tuning room tomorrow.,Which interpretation better matches what the speaker is talking about?,About whether Ravi working in the ski-tuning room tomorrow is allowed by the rules or permissions,About whether Ravi working in the ski-tuning room tomorrow is consistent with the available information,,,,possible,5,About whether Ravi working in the ski-tuning room tomorrow is consistent with the <span style='color:#C62828'>available information</span>,About whether Ravi working in the ski-tuning room tomorrow is allowed by the <span style='color:#1565C0'>rules or permissions</span>,epistemic-deontic
40,Filler,F1,Ice rink warm-up studio,future eventive,D-N-E,"Tessa's clinic pass includes use of the warm-up studio. Tessa is taking part in a figure-skating clinic tomorrow. Tessa told her coach that she plans to practice there before the first session, and the schedule lists that warm-up period.",Tessa may practice in the warm-up studio tomorrow morning.,Which interpretation better matches what the speaker is talking about?,About whether Tessa practicing in the warm-up studio tomorrow morning is allowed by the rules or permissions,About whether Tessa practicing in the warm-up studio tomorrow morning is consistent with the available information,,,,possible,5,About whether Tessa practicing in the warm-up studio tomorrow morning is consistent with the <span style='color:#C62828'>available information</span>,About whether Tessa practicing in the warm-up studio tomorrow morning is allowed by the <span style='color:#1565C0'>rules or permissions</span>,epistemic-deontic
41,Filler,F2,Cinema projection booth,past perfect,E-N-D,"Security footage shows Amir remained in the auditorium and lobby throughout the screening. Amir attended a film festival at a local cinema yesterday. The projection booth is restricted to cinema employees, while Amir had a standard festival ticket.",Amir may have entered the projection booth.,Which interpretation better matches what the speaker is talking about?,About whether Amir entering the projection booth earlier was allowed by the rules or permissions,About whether Amir entering the projection booth earlier is consistent with the available information,,,,possible,6,About whether Amir entering the projection booth earlier is consistent with the <span style='color:#C62828'>available information</span>,About whether Amir entering the projection booth earlier was allowed by the <span style='color:#1565C0'>rules or permissions</span>,epistemic-deontic
42,Filler,F3,Bakery decorating station,present progressive,N-E-D,"Zoe is helping at a bakery fundraiser this afternoon. A coworker saw Zoe carry a tray of cupcakes to the decorating station a few minutes ago and has not seen her leave. She completed the bakery's food-handling orientation, which qualifies volunteers to use the decorating station.",Zoe may be working at the decorating station now.,Which interpretation better matches what the speaker is talking about?,About whether Zoe working at the decorating station now is allowed by the rules or permissions,About whether Zoe working at the decorating station now is consistent with the available information,,,,possible,6,About whether Zoe working at the decorating station now is consistent with the <span style='color:#C62828'>available information</span>,About whether Zoe working at the decorating station now is allowed by the <span style='color:#1565C0'>rules or permissions</span>,epistemic-deontic
43,Filler,F4,Music school faculty practice room,future eventive,D-N-E,"The faculty practice room is reserved for instructors, while Henry is attending as a guest performer. Henry is attending a piano recital at a music school tomorrow. Henry's finalized recital schedule places him in the main hall throughout the only period when the faculty room is open, and he confirmed the schedule.",Henry may practice in the faculty room tomorrow afternoon.,Which interpretation better matches what the speaker is talking about?,About whether Henry practicing in the faculty room tomorrow afternoon is allowed by the rules or permissions,About whether Henry practicing in the faculty room tomorrow afternoon is consistent with the available information,,,,possible,5,About whether Henry practicing in the faculty room tomorrow afternoon is consistent with the <span style='color:#C62828'>available information</span>,About whether Henry practicing in the faculty room tomorrow afternoon is allowed by the <span style='color:#1565C0'>rules or permissions</span>,epistemic-deontic
44,Filler,F5,Hotel conference suite,past perfect,E-N-D,"June's attendance badge was scanned at Suite B, and a colleague remembers sitting beside her there. June attended a professional workshop at a hotel yesterday. June's registration included the afternoon breakout session in Conference Suite B.",June may have attended the session in Conference Suite B.,Which interpretation better matches what the speaker is talking about?,About whether June attending the session in Conference Suite B earlier was allowed by the rules or permissions,About whether June attending the session in Conference Suite B earlier is consistent with the available information,,,,possible,5,About whether June attending the session in Conference Suite B earlier is consistent with the <span style='color:#C62828'>available information</span>,About whether June attending the session in Conference Suite B earlier was allowed by the <span style='color:#1565C0'>rules or permissions</span>,epistemic-deontic
45,Filler,F6,Animal shelter medication room,present stative,N-E-D,"Samuel is visiting an animal shelter today to meet a cat he may adopt. A staff member has stayed with Samuel in the adoption room continuously since he arrived. The medication room is reserved for shelter employees and veterinarians, while Samuel is signed in as a visitor.",Samuel may be in the medication room now.,Which interpretation better matches what the speaker is talking about?,About whether Samuel being in the medication room now is allowed by the rules or permissions,About whether Samuel being in the medication room now is consistent with the available information,,,,possible,6,About whether Samuel being in the medication room now is consistent with the <span style='color:#C62828'>available information</span>,About whether Samuel being in the medication room now is allowed by the <span style='color:#1565C0'>rules or permissions</span>,epistemic-deontic
46,Filler,F7,Kayak boathouse equipment bay,future eventive,D-N-E,"Leah's course registration includes use of the equipment bay. Leah is taking a kayaking course at a boathouse tomorrow. The instructor assigned Leah to pick up the group's paddles there before class, and Leah confirmed that task.",Leah may go into the equipment bay tomorrow morning.,Which interpretation better matches what the speaker is talking about?,About whether Leah going into the equipment bay tomorrow morning is allowed by the rules or permissions,About whether Leah going into the equipment bay tomorrow morning is consistent with the available information,,,,possible,6,About whether Leah going into the equipment bay tomorrow morning is consistent with the <span style='color:#C62828'>available information</span>,About whether Leah going into the equipment bay tomorrow morning is allowed by the <span style='color:#1565C0'>rules or permissions</span>,epistemic-deontic
47,Filler,F8,Warehouse loading bay,past perfect,E-N-D,"Colin's escort log shows that he remained with the office tour group for the entire visit. Colin toured a distribution warehouse yesterday as part of an office visit. The loading bay is restricted to warehouse workers, while Colin had a visitor badge.",Colin may have gone into the loading bay.,Which interpretation better matches what the speaker is talking about?,About whether Colin going into the loading bay earlier was allowed by the rules or permissions,About whether Colin going into the loading bay earlier is consistent with the available information,,,,possible,5,About whether Colin going into the loading bay earlier is consistent with the <span style='color:#C62828'>available information</span>,About whether Colin going into the loading bay earlier was allowed by the <span style='color:#1565C0'>rules or permissions</span>,epistemic-deontic
0,Training,T1,Museum entrance,future eventive,D-N,Lina has a green visitor badge that is valid at both the main entrance and the side entrance. Lina is visiting a history museum tomorrow for a class project.,Lina may use the side entrance tomorrow.,Which interpretation better matches what the speaker is talking about?,About whether Lina using the side entrance tomorrow is allowed by the rules or permissions,About whether Lina using the side entrance tomorrow is consistent with the available information,Expected root/deontic interpretation,Expected non-epistemic interpretation,Declarative,possible,5,About whether Lina using the side entrance tomorrow is consistent with the <span style='color:#C62828'>available information</span>,About whether Lina using the side entrance tomorrow is allowed by the <span style='color:#1565C0'>rules or permissions</span>,epistemic-deontic
1,Training,T1,Museum entrance,past perfect / present progressive or stative,E-N,"Lina's classmate knows she entered through either the main entrance or the side entrance, but did not see which one. Lina visited a history museum this morning for a class project.",Lina may have used the side entrance.,Which interpretation better matches what the speaker is talking about?,About whether Lina using the side entrance earlier was allowed by the rules or permissions,About whether Lina using the side entrance earlier is consistent with the available information,Expected non-deontic interpretation,Expected epistemic interpretation,Declarative,possible,6,About whether Lina using the side entrance earlier is consistent with the <span style='color:#C62828'>available information</span>,About whether Lina using the side entrance earlier was allowed by the <span style='color:#1565C0'>rules or permissions</span>,epistemic-deontic
2,Training,T2,Library rooms,future eventive,D-N,Priya's researcher card lists both the reading room and the map room. Priya is doing research at the library tomorrow.,Which room may Priya work in tomorrow?,Which interpretation better matches what the speaker is asking about?,About which room her working in tomorrow is allowed by the rules or permissions,About which room her working in tomorrow is consistent with the available information,Expected root/deontic interpretation,Expected non-epistemic interpretation,Wh-question,possible,6,About which room her working in tomorrow is consistent with the <span style='color:#C62828'>available information</span>,About which room her working in tomorrow is allowed by the <span style='color:#1565C0'>rules or permissions</span>,epistemic-deontic
3,Training,T2,Library rooms,past perfect / present progressive or stative,E-N,Priya's classmate knows she is in either the reading room or the map room but has not found her yet. Priya is doing research at the library right now.,Which room may Priya be working in now?,Which interpretation better matches what the speaker is asking about?,About which room her working in now is allowed by the rules or permissions,About which room her working in now is consistent with the available information,Expected non-deontic interpretation,Expected epistemic interpretation,Wh-question,possible,5,About which room her working in now is consistent with the <span style='color:#C62828'>available information</span>,About which room her working in now is allowed by the <span style='color:#1565C0'>rules or permissions</span>,epistemic-deontic
4,Training,T3,Community center,future eventive,D-N,Nora's membership includes both the swimming pool and the climbing area. Nora is going to the community center this afternoon.,Nora may use the pool this afternoon.,Which interpretation better matches what the speaker is talking about?,About whether Nora using the pool this afternoon is allowed by the rules or permissions,About whether Nora using the pool this afternoon is consistent with the available information,Expected root/deontic interpretation,Expected non-epistemic interpretation,Declarative,possible,5,About whether Nora using the pool this afternoon is consistent with the <span style='color:#C62828'>available information</span>,About whether Nora using the pool this afternoon is allowed by the <span style='color:#1565C0'>rules or permissions</span>,epistemic-deontic
5,Training,T3,Community center,past perfect / present progressive or stative,E-N,"The front desk knows Nora chose either swimming or climbing, but her activity was not recorded. Nora is at the community center right now.",Nora may be swimming now.,Which interpretation better matches what the speaker is talking about?,About whether Nora swimming now is allowed by the rules or permissions,About whether Nora swimming now is consistent with the available information,Expected non-deontic interpretation,Expected epistemic interpretation,Declarative,possible,6,About whether Nora swimming now is consistent with the <span style='color:#C62828'>available information</span>,About whether Nora swimming now is allowed by the <span style='color:#1565C0'>rules or permissions</span>,epistemic-deontic
6,Training,T4,Train,future eventive,D-N,Kai's flexible ticket is valid on both the 3:15 train and the 4:00 train. Kai is traveling home tomorrow.,Which train may Kai take tomorrow?,Which interpretation better matches what the speaker is asking about?,About which train him taking tomorrow is allowed by the rules or permissions,About which train him taking tomorrow is consistent with the available information,Expected root/deontic interpretation,Expected non-epistemic interpretation,Wh-question,possible,6,About which train him taking tomorrow is consistent with the <span style='color:#C62828'>available information</span>,About which train him taking tomorrow is allowed by the <span style='color:#1565C0'>rules or permissions</span>,epistemic-deontic
7,Training,T4,Train,past perfect / present progressive or stative,E-N,Kai's friend knows he took either the 3:15 train or the 4:00 train but has not heard which one. Kai traveled home earlier today.,Which train may Kai have taken?,Which interpretation better matches what the speaker is asking about?,About which train him having taken earlier is allowed by the rules or permissions,About which train him having taken earlier is consistent with the available information,Expected non-deontic interpretation,Expected epistemic interpretation,Wh-question,possible,5,About which train him having taken earlier is consistent with the <span style='color:#C62828'>available information</span>,About which train him having taken earlier is allowed by the <span style='color:#1565C0'>rules or permissions</span>,epistemic-deontic
8,Training,T5,Parking,future eventive,D-N,Omar's parking sticker covers both the north lot and the west lot. Omar is driving to a concert tomorrow.,May Omar park in the west lot tomorrow?,Which interpretation better matches what the speaker is talking about?,About whether Omar parking in the west lot tomorrow is allowed by the rules or permissions,About whether Omar parking in the west lot tomorrow is consistent with the available information,Expected root/deontic interpretation,Expected non-epistemic interpretation,Yes/no inversion,possible,5,About whether Omar parking in the west lot tomorrow is consistent with the <span style='color:#C62828'>available information</span>,About whether Omar parking in the west lot tomorrow is allowed by the <span style='color:#1565C0'>rules or permissions</span>,epistemic-deontic
9,Training,T5,Parking,past perfect / present progressive or stative,E-N,"Omar's friends know his car is in either the north lot or the west lot, but they have not located it yet. Omar drove to a concert earlier today.",May Omar be parked in the west lot now?,Which interpretation better matches what the speaker is talking about?,About whether Omar being parked in the west lot now is allowed by the rules or permissions,About whether Omar being parked in the west lot now is consistent with the available information,Expected non-deontic interpretation,Expected epistemic interpretation,Yes/no inversion,possible,6,About whether Omar being parked in the west lot now is consistent with the <span style='color:#C62828'>available information</span>,About whether Omar being parked in the west lot now is allowed by the <span style='color:#1565C0'>rules or permissions</span>,epistemic-deontic
10,Training,T6,Theater,future eventive,D-N,Maya's silver ticket is accepted in either the main-floor section or the balcony. Maya is going to a play tonight with her drama club.,May Maya sit in the balcony tonight?,Which interpretation better matches what the speaker is talking about?,About whether Maya sitting in the balcony tonight is allowed by the rules or permissions,About whether Maya sitting in the balcony tonight is consistent with the available information,Expected root/deontic interpretation,Expected non-epistemic interpretation,Yes/no inversion,possible,6,About whether Maya sitting in the balcony tonight is consistent with the <span style='color:#C62828'>available information</span>,About whether Maya sitting in the balcony tonight is allowed by the <span style='color:#1565C0'>rules or permissions</span>,epistemic-deontic
11,Training,T6,Theater,past perfect / present progressive or stative,E-N,Maya's friends know her seat is either on the main floor or in the balcony but cannot see her from where they are sitting. Maya is watching a play right now with her drama club.,May Maya be sitting in the balcony now?,Which interpretation better matches what the speaker is talking about?,About whether Maya sitting in the balcony now is allowed by the rules or permissions,About whether Maya sitting in the balcony now is consistent with the available information,Expected non-deontic interpretation,Expected epistemic interpretation,Yes/no inversion,possible,5,About whether Maya sitting in the balcony now is consistent with the <span style='color:#C62828'>available information</span>,About whether Maya sitting in the balcony now is allowed by the <span style='color:#1565C0'>rules or permissions</span>,epistemic-deontic
12,Training,T7,Art studio,future eventive,D-N,"Eli completed the advanced course last month, which qualifies him to use both the ceramics studio and the print room. Eli is taking an art workshop tomorrow.",Eli may use the print room tomorrow.,Which interpretation better matches what the speaker is talking about?,About whether Eli using the print room tomorrow is allowed by the rules or permissions,About whether Eli using the print room tomorrow is consistent with the available information,Expected root/deontic interpretation,Expected non-epistemic interpretation,Declarative,possible,5,About whether Eli using the print room tomorrow is consistent with the <span style='color:#C62828'>available information</span>,About whether Eli using the print room tomorrow is allowed by the <span style='color:#1565C0'>rules or permissions</span>,epistemic-deontic
13,Training,T7,Art studio,past perfect / present progressive or stative,E-N,The instructor knows Eli spent the second half of class either in the ceramics studio or in the print room but does not remember which. Eli attended an art workshop this morning.,Eli may have worked in the print room this morning.,Which interpretation better matches what the speaker is talking about?,About whether Eli working in the print room this morning was allowed by the rules or permissions,About whether Eli working in the print room this morning is consistent with the available information,Expected non-deontic interpretation,Expected epistemic interpretation,Declarative,possible,6,About whether Eli working in the print room this morning is consistent with the <span style='color:#C62828'>available information</span>,About whether Eli working in the print room this morning was allowed by the <span style='color:#1565C0'>rules or permissions</span>,epistemic-deontic
14,Training,T8,Ferry,future eventive,D-N,"Sofia's ticket is marked “all decks,” including both the lower and upper decks. Sofia is taking a ferry tomorrow for a family trip.",Which deck may Sofia sit on tomorrow?,Which interpretation better matches what the speaker is asking about?,About which deck her sitting on tomorrow is allowed by the rules or permissions,About which deck her sitting on tomorrow is consistent with the available information,Expected root/deontic interpretation,Expected non-epistemic interpretation,Wh-question,possible,6,About which deck her sitting on tomorrow is consistent with the <span style='color:#C62828'>available information</span>,About which deck her sitting on tomorrow is allowed by the <span style='color:#1565C0'>rules or permissions</span>,epistemic-deontic
15,Training,T8,Ferry,past perfect / present progressive or stative,E-N,"Sofia's family knows she chose either the lower deck or the upper deck, but they have not found her yet. Sofia is on the ferry right now.",Which deck may Sofia be sitting on now?,Which interpretation better matches what the speaker is asking about?,About which deck her sitting on now is allowed by the rules or permissions,About which deck her sitting on now is consistent with the available information,Expected non-deontic interpretation,Expected epistemic interpretation,Wh-question,possible,5,About which deck her sitting on now is consistent with the <span style='color:#C62828'>available information</span>,About which deck her sitting on now is allowed by the <span style='color:#1565C0'>rules or permissions</span>,epistemic-deontic
16,Training,T9,Festival gate,future eventive,D-N,Mateo's staff wristband is valid at both the north gate and the south gate. Mateo is going to a music festival tonight.,May Mateo enter through the south gate tonight?,Which interpretation better matches what the speaker is talking about?,About whether Mateo entering through the south gate tonight is allowed by the rules or permissions,About whether Mateo entering through the south gate tonight is consistent with the available information,Expected root/deontic interpretation,Expected non-epistemic interpretation,Yes/no inversion,possible,5,About whether Mateo entering through the south gate tonight is consistent with the <span style='color:#C62828'>available information</span>,About whether Mateo entering through the south gate tonight is allowed by the <span style='color:#1565C0'>rules or permissions</span>,epistemic-deontic
17,Training,T9,Festival gate,past perfect / present progressive or stative,E-N,"Mateo's friends know he entered through either the north gate or the south gate, but no one saw him arrive. Mateo arrived at a music festival earlier tonight.",May Mateo have entered through the south gate?,Which interpretation better matches what the speaker is talking about?,About whether Mateo entering through the south gate earlier was allowed by the rules or permissions,About whether Mateo entering through the south gate earlier is consistent with the available information,Expected non-deontic interpretation,Expected epistemic interpretation,Yes/no inversion,possible,6,About whether Mateo entering through the south gate earlier is consistent with the <span style='color:#C62828'>available information</span>,About whether Mateo entering through the south gate earlier was allowed by the <span style='color:#1565C0'>rules or permissions</span>,epistemic-deontic
18,Training,T10,Workshop equipment,future eventive,D-N,Ben's safety certificate lists both the power drill and the laser cutter. Ben is working in a community workshop tomorrow.,Which tool may Ben use tomorrow?,Which interpretation better matches what the speaker is asking about?,About which tool him using tomorrow is allowed by the rules or permissions,About which tool him using tomorrow is consistent with the available information,Expected root/deontic interpretation,Expected non-epistemic interpretation,Wh-question,possible,6,About which tool him using tomorrow is consistent with the <span style='color:#C62828'>available information</span>,About which tool him using tomorrow is allowed by the <span style='color:#1565C0'>rules or permissions</span>,epistemic-deontic
19,Training,T10,Workshop equipment,past perfect / present progressive or stative,E-N,Ben's coworker knows his project uses either the power drill or the laser cutter but cannot see which machine he chose. Ben is working in a community workshop right now.,Which tool may Ben be using now?,Which interpretation better matches what the speaker is asking about?,About which tool him using now is allowed by the rules or permissions,About which tool him using now is consistent with the available information,Expected non-deontic interpretation,Expected epistemic interpretation,Wh-question,possible,5,About which tool him using now is consistent with the <span style='color:#C62828'>available information</span>,About which tool him using now is allowed by the <span style='color:#1565C0'>rules or permissions</span>,epistemic-deontic
20,Training,T11,Community kitchen,future eventive,D-N,"Nina completed the food-safety course, which qualifies volunteers to work at both the preparation and cooking stations. Nina is volunteering at a community center tomorrow.",May Nina work at the cooking station tomorrow?,Which interpretation better matches what the speaker is talking about?,About whether Nina working at the cooking station tomorrow is allowed by the rules or permissions,About whether Nina working at the cooking station tomorrow is consistent with the available information,Expected root/deontic interpretation,Expected non-epistemic interpretation,Yes/no inversion,possible,5,About whether Nina working at the cooking station tomorrow is consistent with the <span style='color:#C62828'>available information</span>,About whether Nina working at the cooking station tomorrow is allowed by the <span style='color:#1565C0'>rules or permissions</span>,epistemic-deontic
21,Training,T11,Community kitchen,past perfect / present progressive or stative,E-N,Nina's coordinator knows she was assigned either to food preparation or to cooking but has not checked which station she is at. Nina is volunteering at the community center right now.,May Nina be working at the cooking station now?,Which interpretation better matches what the speaker is talking about?,About whether Nina working at the cooking station now is allowed by the rules or permissions,About whether Nina working at the cooking station now is consistent with the available information,Expected non-deontic interpretation,Expected epistemic interpretation,Yes/no inversion,possible,6,About whether Nina working at the cooking station now is consistent with the <span style='color:#C62828'>available information</span>,About whether Nina working at the cooking station now is allowed by the <span style='color:#1565C0'>rules or permissions</span>,epistemic-deontic
22,Training,T12,College lab,future eventive,D-N,Daniel's new safety qualification covers both Lab A and Lab B. Daniel is doing an experiment tomorrow.,Daniel may work in Lab B tomorrow.,Which interpretation better matches what the speaker is talking about?,About whether Daniel working in Lab B tomorrow is allowed by the rules or permissions,About whether Daniel working in Lab B tomorrow is consistent with the available information,Expected root/deontic interpretation,Expected non-epistemic interpretation,Declarative,possible,6,About whether Daniel working in Lab B tomorrow is consistent with the <span style='color:#C62828'>available information</span>,About whether Daniel working in Lab B tomorrow is allowed by the <span style='color:#1565C0'>rules or permissions</span>,epistemic-deontic
23,Training,T12,College lab,past perfect / present progressive or stative,E-N,"Daniel's supervisor knows he is in either Lab A or Lab B, but the room log has not been updated. Daniel is doing an experiment right now.",Daniel may be in Lab B now.,Which interpretation better matches what the speaker is talking about?,About whether Daniel being in Lab B now is allowed by the rules or permissions,About whether Daniel being in Lab B now is consistent with the available information,Expected non-deontic interpretation,Expected epistemic interpretation,Declarative,possible,5,About whether Daniel being in Lab B now is consistent with the <span style='color:#C62828'>available information</span>,About whether Daniel being in Lab B now is allowed by the <span style='color:#1565C0'>rules or permissions</span>,epistemic-deontic
24,Critical Test,C1,Zoo animal-care room,past perfect,E-D-N,"Aisha's classmates lost track of her after lunch, and the hallway camera near the animal-care room is being serviced. The animal-care room is reserved for zoo staff, while Aisha has a regular visitor wristband. Aisha is photographing exhibits at the zoo for a biology assignment.",Aisha may have gone into the animal-care room.,Which interpretation better matches what the speaker is talking about?,About whether Aisha going into the animal-care room earlier was allowed by the rules or permissions,About whether Aisha going into the animal-care room earlier is consistent with the available information,,,,possible,5,About whether Aisha going into the animal-care room earlier is consistent with the <span style='color:#C62828'>available information</span>,About whether Aisha going into the animal-care room earlier was allowed by the <span style='color:#1565C0'>rules or permissions</span>,epistemic-deontic
25,Critical Test,C1,Zoo animal-care room,future eventive,N-D-E,"Aisha is volunteering at the zoo tomorrow as part of a conservation program. Aisha's volunteer credential permits her to work in the animal-care room. The finalized duty schedule assigns Aisha to the education kiosk for her entire shift, and her coordinator confirmed that assignment with her.",Aisha may work in the animal-care room tomorrow.,Which interpretation better matches what the speaker is talking about?,About whether Aisha working in the animal-care room tomorrow is allowed by the rules or permissions,About whether Aisha working in the animal-care room tomorrow is consistent with the available information,,,,possible,6,About whether Aisha working in the animal-care room tomorrow is consistent with the <span style='color:#C62828'>available information</span>,About whether Aisha working in the animal-care room tomorrow is allowed by the <span style='color:#1565C0'>rules or permissions</span>,epistemic-deontic
26,Critical Test,C2,University observatory,present progressive,D-E-N,"The telescope control room is reserved for trained operators, and Theo has not completed the operator course. The other club members cannot find Theo right now, and the control-room door sensor is temporarily offline. Theo is at the university observatory with the astronomy club tonight.",Theo may be working in the telescope control room now.,Which interpretation better matches what the speaker is talking about?,About whether Theo working in the telescope control room now is allowed by the rules or permissions,About whether Theo working in the telescope control room now is consistent with the available information,,,,possible,6,About whether Theo working in the telescope control room now is consistent with the <span style='color:#C62828'>available information</span>,About whether Theo working in the telescope control room now is allowed by the <span style='color:#1565C0'>rules or permissions</span>,epistemic-deontic
27,Critical Test,C2,University observatory,future eventive,E-D-N,"The final volunteer roster assigns Theo to greet visitors at the entrance for the entire event, and he confirmed that shift. He completed the operator course last month, so he is authorized to use the telescope control room. Theo is helping with a public astronomy night at the observatory tomorrow.",Theo may work in the telescope control room tomorrow night.,Which interpretation better matches what the speaker is talking about?,About whether Theo working in the telescope control room tomorrow night is allowed by the rules or permissions,About whether Theo working in the telescope control room tomorrow night is consistent with the available information,,,,possible,5,About whether Theo working in the telescope control room tomorrow night is consistent with the <span style='color:#C62828'>available information</span>,About whether Theo working in the telescope control room tomorrow night is allowed by the <span style='color:#1565C0'>rules or permissions</span>,epistemic-deontic
28,Critical Test,C3,Student film studio,past perfect,N-D-E,"Grace spent the morning at a student film studio working on a documentary. The sound-mixing suite is reserved for post-production staff, while Grace is registered as part of the camera crew. The production log has a gap during the lunch break, and Grace's teammates do not know where she went.",Grace may have gone into the sound-mixing suite.,Which interpretation better matches what the speaker is talking about?,About whether Grace going into the sound-mixing suite earlier was allowed by the rules or permissions,About whether Grace going into the sound-mixing suite earlier is consistent with the available information,,,,possible,5,About whether Grace going into the sound-mixing suite earlier is consistent with the <span style='color:#C62828'>available information</span>,About whether Grace going into the sound-mixing suite earlier was allowed by the <span style='color:#1565C0'>rules or permissions</span>,epistemic-deontic
29,Critical Test,C3,Student film studio,future eventive,D-E-N,"Grace has received an all-area crew badge that includes the sound-mixing suite. The locked shooting schedule assigns Grace to an outdoor location for the entire afternoon, and she confirmed the assignment today. Grace is returning to the film studio tomorrow for another production day.",Grace may use the sound-mixing suite tomorrow afternoon.,Which interpretation better matches what the speaker is talking about?,About whether Grace using the sound-mixing suite tomorrow afternoon is allowed by the rules or permissions,About whether Grace using the sound-mixing suite tomorrow afternoon is consistent with the available information,,,,possible,6,About whether Grace using the sound-mixing suite tomorrow afternoon is consistent with the <span style='color:#C62828'>available information</span>,About whether Grace using the sound-mixing suite tomorrow afternoon is allowed by the <span style='color:#1565C0'>rules or permissions</span>,epistemic-deontic
30,Critical Test,C4,Hotel rooftop lounge,present stative,E-D-N,"Jordan's colleague cannot find them after lunch, and the elevator logs are unavailable during a system outage. The rooftop lounge is reserved for guests staying on the executive floors, while Jordan has a standard room. Jordan is attending a conference at a downtown hotel today.",Jordan may be in the rooftop lounge now.,Which interpretation better matches what the speaker is talking about?,About whether Jordan being in the rooftop lounge now is allowed by the rules or permissions,About whether Jordan being in the rooftop lounge now is consistent with the available information,,,,possible,6,About whether Jordan being in the rooftop lounge now is consistent with the <span style='color:#C62828'>available information</span>,About whether Jordan being in the rooftop lounge now is allowed by the <span style='color:#1565C0'>rules or permissions</span>,epistemic-deontic
31,Critical Test,C4,Hotel rooftop lounge,future eventive,N-D-E,"Jordan is staying at the same hotel for the conference tomorrow. The hotel upgraded Jordan to an executive-floor room, which includes use of the rooftop lounge. Jordan's final conference program has them presenting throughout the lounge's afternoon opening hours, and the session chair confirmed the schedule.",Jordan may sit in the rooftop lounge tomorrow afternoon.,Which interpretation better matches what the speaker is talking about?,About whether Jordan sitting in the rooftop lounge tomorrow afternoon is allowed by the rules or permissions,About whether Jordan sitting in the rooftop lounge tomorrow afternoon is consistent with the available information,,,,possible,5,About whether Jordan sitting in the rooftop lounge tomorrow afternoon is consistent with the <span style='color:#C62828'>available information</span>,About whether Jordan sitting in the rooftop lounge tomorrow afternoon is allowed by the <span style='color:#1565C0'>rules or permissions</span>,epistemic-deontic
32,Critical Test,C5,Aquatic center diving area,present progressive,D-E-N,"The high diving board is reserved for Level 3 swimmers, while Chloe is currently certified at Level 2. A teammate saw Chloe walking toward the diving area a few minutes ago, but nobody can see the platform from the pool deck. Chloe is at an aquatic center for swim-club practice this afternoon.",Chloe may be using the high diving board now.,Which interpretation better matches what the speaker is talking about?,About whether Chloe using the high diving board now is allowed by the rules or permissions,About whether Chloe using the high diving board now is consistent with the available information,,,,possible,5,About whether Chloe using the high diving board now is consistent with the <span style='color:#C62828'>available information</span>,About whether Chloe using the high diving board now is allowed by the <span style='color:#1565C0'>rules or permissions</span>,epistemic-deontic
33,Critical Test,C5,Aquatic center diving area,future eventive,E-D-N,"The coach's finalized practice plan assigns Chloe to lap swimming for the entire session, and Chloe acknowledged the plan. She passed the Level 3 test this week, so she is now cleared to use the high diving board. Chloe is returning to the aquatic center for practice tomorrow.",Chloe may use the high diving board tomorrow.,Which interpretation better matches what the speaker is talking about?,About whether Chloe using the high diving board tomorrow is allowed by the rules or permissions,About whether Chloe using the high diving board tomorrow is consistent with the available information,,,,possible,6,About whether Chloe using the high diving board tomorrow is consistent with the <span style='color:#C62828'>available information</span>,About whether Chloe using the high diving board tomorrow is allowed by the <span style='color:#1565C0'>rules or permissions</span>,epistemic-deontic
34,Critical Test,C6,Airport premium lounge,past perfect,N-D-E,"Marcus spent several hours at the airport yesterday waiting for a delayed flight. The premium lounge is reserved for business-class passengers, while Marcus was traveling on an economy ticket. Marcus's friends could not find him for part of the delay, and the lounge entry scanner was temporarily malfunctioning.",Marcus may have waited in the premium lounge.,Which interpretation better matches what the speaker is talking about?,About whether Marcus waiting in the premium lounge earlier was allowed by the rules or permissions,About whether Marcus waiting in the premium lounge earlier is consistent with the available information,,,,possible,6,About whether Marcus waiting in the premium lounge earlier is consistent with the <span style='color:#C62828'>available information</span>,About whether Marcus waiting in the premium lounge earlier was allowed by the <span style='color:#1565C0'>rules or permissions</span>,epistemic-deontic
35,Critical Test,C6,Airport premium lounge,future eventive,D-E-N,"The airline upgraded Marcus to business class, so his ticket now includes the premium lounge. Marcus sent his family a detailed travel plan saying he will go directly from security to his gate, and he confirmed that he will not visit the lounge. Marcus is flying from the same airport again tomorrow.",Marcus may wait in the premium lounge tomorrow.,Which interpretation better matches what the speaker is talking about?,About whether Marcus waiting in the premium lounge tomorrow is allowed by the rules or permissions,About whether Marcus waiting in the premium lounge tomorrow is consistent with the available information,,,,possible,5,About whether Marcus waiting in the premium lounge tomorrow is consistent with the <span style='color:#C62828'>available information</span>,About whether Marcus waiting in the premium lounge tomorrow is allowed by the <span style='color:#1565C0'>rules or permissions</span>,epistemic-deontic
36,Critical Test,C7,College radio station,present progressive,E-D-N,"The host stepped away to take a phone call and does not know where Elena went, and the hallway camera is turned off. The live recording booth is reserved for station members, while Elena is signed in as a guest. Elena is visiting the college radio station for a journalism project.",Elena may be sitting in the live recording booth now.,Which interpretation better matches what the speaker is talking about?,About whether Elena sitting in the live recording booth now is allowed by the rules or permissions,About whether Elena sitting in the live recording booth now is consistent with the available information,,,,possible,5,About whether Elena sitting in the live recording booth now is consistent with the <span style='color:#C62828'>available information</span>,About whether Elena sitting in the live recording booth now is allowed by the <span style='color:#1565C0'>rules or permissions</span>,epistemic-deontic
37,Critical Test,C7,College radio station,future eventive,N-D-E,"Elena begins an internship at the radio station tomorrow. Elena's intern badge permits her to use the live recording booth. The finalized broadcast schedule assigns another intern to the booth and Elena to the front desk for the entire shift, and both assignments were confirmed.",Elena may use the live recording booth tomorrow.,Which interpretation better matches what the speaker is talking about?,About whether Elena using the live recording booth tomorrow is allowed by the rules or permissions,About whether Elena using the live recording booth tomorrow is consistent with the available information,,,,possible,6,About whether Elena using the live recording booth tomorrow is consistent with the <span style='color:#C62828'>available information</span>,About whether Elena using the live recording booth tomorrow is allowed by the <span style='color:#1565C0'>rules or permissions</span>,epistemic-deontic
38,Critical Test,C8,Ski lodge tuning room,past perfect,D-E-N,"The ski-tuning room is reserved for lodge employees, while Ravi has an ordinary day pass. Ravi's friends last saw him near the service hallway, and the staff movement log is incomplete for that period. Ravi spent the morning at a ski lodge with several friends.",Ravi may have gone into the ski-tuning room.,Which interpretation better matches what the speaker is talking about?,About whether Ravi going into the ski-tuning room earlier was allowed by the rules or permissions,About whether Ravi going into the ski-tuning room earlier is consistent with the available information,,,,possible,6,About whether Ravi going into the ski-tuning room earlier is consistent with the <span style='color:#C62828'>available information</span>,About whether Ravi going into the ski-tuning room earlier was allowed by the <span style='color:#1565C0'>rules or permissions</span>,epistemic-deontic
39,Critical Test,C8,Ski lodge tuning room,future eventive,E-D-N,"The final duty roster assigns Ravi as a course marshal outdoors for the entire event, and he confirmed the assignment. His volunteer credential includes the ski-tuning room. Ravi is volunteering at a ski race at the lodge tomorrow.",Ravi may work in the ski-tuning room tomorrow.,Which interpretation better matches what the speaker is talking about?,About whether Ravi working in the ski-tuning room tomorrow is allowed by the rules or permissions,About whether Ravi working in the ski-tuning room tomorrow is consistent with the available information,,,,possible,5,About whether Ravi working in the ski-tuning room tomorrow is consistent with the <span style='color:#C62828'>available information</span>,About whether Ravi working in the ski-tuning room tomorrow is allowed by the <span style='color:#1565C0'>rules or permissions</span>,epistemic-deontic
40,Filler,F1,Ice rink warm-up studio,future eventive,N-D-E,"Tessa is taking part in a figure-skating clinic tomorrow. Tessa's clinic pass includes use of the warm-up studio. Tessa told her coach that she plans to practice there before the first session, and the schedule lists that warm-up period.",Tessa may practice in the warm-up studio tomorrow morning.,Which interpretation better matches what the speaker is talking about?,About whether Tessa practicing in the warm-up studio tomorrow morning is allowed by the rules or permissions,About whether Tessa practicing in the warm-up studio tomorrow morning is consistent with the available information,,,,possible,5,About whether Tessa practicing in the warm-up studio tomorrow morning is consistent with the <span style='color:#C62828'>available information</span>,About whether Tessa practicing in the warm-up studio tomorrow morning is allowed by the <span style='color:#1565C0'>rules or permissions</span>,epistemic-deontic
41,Filler,F2,Cinema projection booth,past perfect,D-E-N,"The projection booth is restricted to cinema employees, while Amir had a standard festival ticket. Security footage shows Amir remained in the auditorium and lobby throughout the screening. Amir attended a film festival at a local cinema yesterday.",Amir may have entered the projection booth.,Which interpretation better matches what the speaker is talking about?,About whether Amir entering the projection booth earlier was allowed by the rules or permissions,About whether Amir entering the projection booth earlier is consistent with the available information,,,,possible,6,About whether Amir entering the projection booth earlier is consistent with the <span style='color:#C62828'>available information</span>,About whether Amir entering the projection booth earlier was allowed by the <span style='color:#1565C0'>rules or permissions</span>,epistemic-deontic
42,Filler,F3,Bakery decorating station,present progressive,E-D-N,"A coworker saw Zoe carry a tray of cupcakes to the decorating station a few minutes ago and has not seen her leave. She completed the bakery's food-handling orientation, which qualifies volunteers to use the decorating station. Zoe is helping at a bakery fundraiser this afternoon.",Zoe may be working at the decorating station now.,Which interpretation better matches what the speaker is talking about?,About whether Zoe working at the decorating station now is allowed by the rules or permissions,About whether Zoe working at the decorating station now is consistent with the available information,,,,possible,6,About whether Zoe working at the decorating station now is consistent with the <span style='color:#C62828'>available information</span>,About whether Zoe working at the decorating station now is allowed by the <span style='color:#1565C0'>rules or permissions</span>,epistemic-deontic
43,Filler,F4,Music school faculty practice room,future eventive,N-D-E,"Henry is attending a piano recital at a music school tomorrow. The faculty practice room is reserved for instructors, while Henry is attending as a guest performer. Henry's finalized recital schedule places him in the main hall throughout the only period when the faculty room is open, and he confirmed the schedule.",Henry may practice in the faculty room tomorrow afternoon.,Which interpretation better matches what the speaker is talking about?,About whether Henry practicing in the faculty room tomorrow afternoon is allowed by the rules or permissions,About whether Henry practicing in the faculty room tomorrow afternoon is consistent with the available information,,,,possible,5,About whether Henry practicing in the faculty room tomorrow afternoon is consistent with the <span style='color:#C62828'>available information</span>,About whether Henry practicing in the faculty room tomorrow afternoon is allowed by the <span style='color:#1565C0'>rules or permissions</span>,epistemic-deontic
44,Filler,F5,Hotel conference suite,past perfect,D-E-N,"June's registration included the afternoon breakout session in Conference Suite B. June's attendance badge was scanned at Suite B, and a colleague remembers sitting beside her there. June attended a professional workshop at a hotel yesterday.",June may have attended the session in Conference Suite B.,Which interpretation better matches what the speaker is talking about?,About whether June attending the session in Conference Suite B earlier was allowed by the rules or permissions,About whether June attending the session in Conference Suite B earlier is consistent with the available information,,,,possible,5,About whether June attending the session in Conference Suite B earlier is consistent with the <span style='color:#C62828'>available information</span>,About whether June attending the session in Conference Suite B earlier was allowed by the <span style='color:#1565C0'>rules or permissions</span>,epistemic-deontic
45,Filler,F6,Animal shelter medication room,present stative,E-D-N,"A staff member has stayed with Samuel in the adoption room continuously since he arrived. The medication room is reserved for shelter employees and veterinarians, while Samuel is signed in as a visitor. Samuel is visiting an animal shelter today to meet a cat he may adopt.",Samuel may be in the medication room now.,Which interpretation better matches what the speaker is talking about?,About whether Samuel being in the medication room now is allowed by the rules or permissions,About whether Samuel being in the medication room now is consistent with the available information,,,,possible,6,About whether Samuel being in the medication room now is consistent with the <span style='color:#C62828'>available information</span>,About whether Samuel being in the medication room now is allowed by the <span style='color:#1565C0'>rules or permissions</span>,epistemic-deontic
46,Filler,F7,Kayak boathouse equipment bay,future eventive,N-D-E,"Leah is taking a kayaking course at a boathouse tomorrow. Leah's course registration includes use of the equipment bay. The instructor assigned Leah to pick up the group's paddles there before class, and Leah confirmed that task.",Leah may go into the equipment bay tomorrow morning.,Which interpretation better matches what the speaker is talking about?,About whether Leah going into the equipment bay tomorrow morning is allowed by the rules or permissions,About whether Leah going into the equipment bay tomorrow morning is consistent with the available information,,,,possible,6,About whether Leah going into the equipment bay tomorrow morning is consistent with the <span style='color:#C62828'>available information</span>,About whether Leah going into the equipment bay tomorrow morning is allowed by the <span style='color:#1565C0'>rules or permissions</span>,epistemic-deontic
47,Filler,F8,Warehouse loading bay,past perfect,D-E-N,"The loading bay is restricted to warehouse workers, while Colin had a visitor badge. Colin's escort log shows that he remained with the office tour group for the entire visit. Colin toured a distribution warehouse yesterday as part of an office visit.",Colin may have gone into the loading bay.,Which interpretation better matches what the speaker is talking about?,About whether Colin going into the loading bay earlier was allowed by the rules or permissions,About whether Colin going into the loading bay earlier is consistent with the available information,,,,possible,5,About whether Colin going into the loading bay earlier is consistent with the <span style='color:#C62828'>available information</span>,About whether Colin going into the loading bay earlier was allowed by the <span style='color:#1565C0'>rules or permissions</span>,epistemic-deontic
0,Training,T1,Museum entrance,future eventive,N-D,Lina is visiting a history museum tomorrow for a class project. Lina has a green visitor badge that is valid at both the main entrance and the side entrance.,It is possible for Lina to use the side entrance tomorrow.,Which interpretation better matches what the speaker is talking about?,About whether Lina using the side entrance tomorrow is allowed by the rules or permissions,About whether Lina using the side entrance tomorrow is consistent with the available information,Expected root/deontic interpretation,Expected non-epistemic interpretation,Declarative,,7,About whether Lina using the side entrance tomorrow is consistent with the <span style='color:#C62828'>available information</span>,About whether Lina using the side entrance tomorrow is allowed by the <span style='color:#1565C0'>rules or permissions</span>,epistemic-deontic
1,Training,T1,Museum entrance,past perfect / present progressive or stative,N-E,"Lina visited a history museum this morning for a class project. Lina's classmate knows she entered through either the main entrance or the side entrance, but did not see which one.",It is possible for Lina to have used the side entrance.,Which interpretation better matches what the speaker is talking about?,About whether Lina using the side entrance earlier was allowed by the rules or permissions,About whether Lina using the side entrance earlier is consistent with the available information,Expected non-deontic interpretation,Expected epistemic interpretation,Declarative,,8,About whether Lina using the side entrance earlier is consistent with the <span style='color:#C62828'>available information</span>,About whether Lina using the side entrance earlier was allowed by the <span style='color:#1565C0'>rules or permissions</span>,epistemic-deontic
2,Training,T2,Library rooms,future eventive,N-D,Priya is doing research at the library tomorrow. Priya's researcher card lists both the reading room and the map room.,Which room is it possible for Priya to work in tomorrow?,Which interpretation better matches what the speaker is asking about?,About which room her working in tomorrow is allowed by the rules or permissions,About which room her working in tomorrow is consistent with the available information,Expected root/deontic interpretation,Expected non-epistemic interpretation,Wh-question,,8,About which room her working in tomorrow is consistent with the <span style='color:#C62828'>available information</span>,About which room her working in tomorrow is allowed by the <span style='color:#1565C0'>rules or permissions</span>,epistemic-deontic
3,Training,T2,Library rooms,past perfect / present progressive or stative,N-E,Priya is doing research at the library right now. Priya's classmate knows she is in either the reading room or the map room but has not found her yet.,Which room is it possible for Priya to be working in now?,Which interpretation better matches what the speaker is asking about?,About which room her working in now is allowed by the rules or permissions,About which room her working in now is consistent with the available information,Expected non-deontic interpretation,Expected epistemic interpretation,Wh-question,,7,About which room her working in now is consistent with the <span style='color:#C62828'>available information</span>,About which room her working in now is allowed by the <span style='color:#1565C0'>rules or permissions</span>,epistemic-deontic
4,Training,T3,Community center,future eventive,N-D,Nora is going to the community center this afternoon. Nora's membership includes both the swimming pool and the climbing area.,It is possible for Nora to use the pool this afternoon.,Which interpretation better matches what the speaker is talking about?,About whether Nora using the pool this afternoon is allowed by the rules or permissions,About whether Nora using the pool this afternoon is consistent with the available information,Expected root/deontic interpretation,Expected non-epistemic interpretation,Declarative,,7,About whether Nora using the pool this afternoon is consistent with the <span style='color:#C62828'>available information</span>,About whether Nora using the pool this afternoon is allowed by the <span style='color:#1565C0'>rules or permissions</span>,epistemic-deontic
5,Training,T3,Community center,past perfect / present progressive or stative,N-E,"Nora is at the community center right now. The front desk knows Nora chose either swimming or climbing, but her activity was not recorded.",It is possible for Nora to be swimming now.,Which interpretation better matches what the speaker is talking about?,About whether Nora swimming now is allowed by the rules or permissions,About whether Nora swimming now is consistent with the available information,Expected non-deontic interpretation,Expected epistemic interpretation,Declarative,,8,About whether Nora swimming now is consistent with the <span style='color:#C62828'>available information</span>,About whether Nora swimming now is allowed by the <span style='color:#1565C0'>rules or permissions</span>,epistemic-deontic
6,Training,T4,Train,future eventive,N-D,Kai is traveling home tomorrow. Kai's flexible ticket is valid on both the 3:15 train and the 4:00 train.,Which train is it possible for Kai to take tomorrow?,Which interpretation better matches what the speaker is asking about?,About which train him taking tomorrow is allowed by the rules or permissions,About which train him taking tomorrow is consistent with the available information,Expected root/deontic interpretation,Expected non-epistemic interpretation,Wh-question,,8,About which train him taking tomorrow is consistent with the <span style='color:#C62828'>available information</span>,About which train him taking tomorrow is allowed by the <span style='color:#1565C0'>rules or permissions</span>,epistemic-deontic
7,Training,T4,Train,past perfect / present progressive or stative,N-E,Kai traveled home earlier today. Kai's friend knows he took either the 3:15 train or the 4:00 train but has not heard which one.,Which train is it possible for Kai to have taken?,Which interpretation better matches what the speaker is asking about?,About which train him having taken earlier is allowed by the rules or permissions,About which train him having taken earlier is consistent with the available information,Expected non-deontic interpretation,Expected epistemic interpretation,Wh-question,,7,About which train him having taken earlier is consistent with the <span style='color:#C62828'>available information</span>,About which train him having taken earlier is allowed by the <span style='color:#1565C0'>rules or permissions</span>,epistemic-deontic
8,Training,T5,Parking,future eventive,N-D,Omar is driving to a concert tomorrow. Omar's parking sticker covers both the north lot and the west lot.,Is it possible for Omar to park in the west lot tomorrow?,Which interpretation better matches what the speaker is talking about?,About whether Omar parking in the west lot tomorrow is allowed by the rules or permissions,About whether Omar parking in the west lot tomorrow is consistent with the available information,Expected root/deontic interpretation,Expected non-epistemic interpretation,Yes/no inversion,,7,About whether Omar parking in the west lot tomorrow is consistent with the <span style='color:#C62828'>available information</span>,About whether Omar parking in the west lot tomorrow is allowed by the <span style='color:#1565C0'>rules or permissions</span>,epistemic-deontic
9,Training,T5,Parking,past perfect / present progressive or stative,N-E,"Omar drove to a concert earlier today. Omar's friends know his car is in either the north lot or the west lot, but they have not located it yet.",Is it possible for Omar to be parked in the west lot now?,Which interpretation better matches what the speaker is talking about?,About whether Omar being parked in the west lot now is allowed by the rules or permissions,About whether Omar being parked in the west lot now is consistent with the available information,Expected non-deontic interpretation,Expected epistemic interpretation,Yes/no inversion,,8,About whether Omar being parked in the west lot now is consistent with the <span style='color:#C62828'>available information</span>,About whether Omar being parked in the west lot now is allowed by the <span style='color:#1565C0'>rules or permissions</span>,epistemic-deontic
10,Training,T6,Theater,future eventive,N-D,Maya is going to a play tonight with her drama club. Maya's silver ticket is accepted in either the main-floor section or the balcony.,Is it possible for Maya to sit in the balcony tonight?,Which interpretation better matches what the speaker is talking about?,About whether Maya sitting in the balcony tonight is allowed by the rules or permissions,About whether Maya sitting in the balcony tonight is consistent with the available information,Expected root/deontic interpretation,Expected non-epistemic interpretation,Yes/no inversion,,8,About whether Maya sitting in the balcony tonight is consistent with the <span style='color:#C62828'>available information</span>,About whether Maya sitting in the balcony tonight is allowed by the <span style='color:#1565C0'>rules or permissions</span>,epistemic-deontic
11,Training,T6,Theater,past perfect / present progressive or stative,N-E,Maya is watching a play right now with her drama club. Maya's friends know her seat is either on the main floor or in the balcony but cannot see her from where they are sitting.,Is it possible for Maya to be sitting in the balcony now?,Which interpretation better matches what the speaker is talking about?,About whether Maya sitting in the balcony now is allowed by the rules or permissions,About whether Maya sitting in the balcony now is consistent with the available information,Expected non-deontic interpretation,Expected epistemic interpretation,Yes/no inversion,,7,About whether Maya sitting in the balcony now is consistent with the <span style='color:#C62828'>available information</span>,About whether Maya sitting in the balcony now is allowed by the <span style='color:#1565C0'>rules or permissions</span>,epistemic-deontic
12,Training,T7,Art studio,future eventive,N-D,"Eli is taking an art workshop tomorrow. Eli completed the advanced course last month, which qualifies him to use both the ceramics studio and the print room.",It is possible for Eli to use the print room tomorrow.,Which interpretation better matches what the speaker is talking about?,About whether Eli using the print room tomorrow is allowed by the rules or permissions,About whether Eli using the print room tomorrow is consistent with the available information,Expected root/deontic interpretation,Expected non-epistemic interpretation,Declarative,,7,About whether Eli using the print room tomorrow is consistent with the <span style='color:#C62828'>available information</span>,About whether Eli using the print room tomorrow is allowed by the <span style='color:#1565C0'>rules or permissions</span>,epistemic-deontic
13,Training,T7,Art studio,past perfect / present progressive or stative,N-E,Eli attended an art workshop this morning. The instructor knows Eli spent the second half of class either in the ceramics studio or in the print room but does not remember which.,It is possible for Eli to have worked in the print room this morning.,Which interpretation better matches what the speaker is talking about?,About whether Eli working in the print room this morning was allowed by the rules or permissions,About whether Eli working in the print room this morning is consistent with the available information,Expected non-deontic interpretation,Expected epistemic interpretation,Declarative,,8,About whether Eli working in the print room this morning is consistent with the <span style='color:#C62828'>available information</span>,About whether Eli working in the print room this morning was allowed by the <span style='color:#1565C0'>rules or permissions</span>,epistemic-deontic
14,Training,T8,Ferry,future eventive,N-D,"Sofia is taking a ferry tomorrow for a family trip. Sofia's ticket is marked “all decks,” including both the lower and upper decks.",Which deck is it possible for Sofia to sit on tomorrow?,Which interpretation better matches what the speaker is asking about?,About which deck her sitting on tomorrow is allowed by the rules or permissions,About which deck her sitting on tomorrow is consistent with the available information,Expected root/deontic interpretation,Expected non-epistemic interpretation,Wh-question,,8,About which deck her sitting on tomorrow is consistent with the <span style='color:#C62828'>available information</span>,About which deck her sitting on tomorrow is allowed by the <span style='color:#1565C0'>rules or permissions</span>,epistemic-deontic
15,Training,T8,Ferry,past perfect / present progressive or stative,N-E,"Sofia is on the ferry right now. Sofia's family knows she chose either the lower deck or the upper deck, but they have not found her yet.",Which deck is it possible for Sofia to be sitting on now?,Which interpretation better matches what the speaker is asking about?,About which deck her sitting on now is allowed by the rules or permissions,About which deck her sitting on now is consistent with the available information,Expected non-deontic interpretation,Expected epistemic interpretation,Wh-question,,7,About which deck her sitting on now is consistent with the <span style='color:#C62828'>available information</span>,About which deck her sitting on now is allowed by the <span style='color:#1565C0'>rules or permissions</span>,epistemic-deontic
16,Training,T9,Festival gate,future eventive,N-D,Mateo is going to a music festival tonight. Mateo's staff wristband is valid at both the north gate and the south gate.,Is it possible for Mateo to enter through the south gate tonight?,Which interpretation better matches what the speaker is talking about?,About whether Mateo entering through the south gate tonight is allowed by the rules or permissions,About whether Mateo entering through the south gate tonight is consistent with the available information,Expected root/deontic interpretation,Expected non-epistemic interpretation,Yes/no inversion,,7,About whether Mateo entering through the south gate tonight is consistent with the <span style='color:#C62828'>available information</span>,About whether Mateo entering through the south gate tonight is allowed by the <span style='color:#1565C0'>rules or permissions</span>,epistemic-deontic
17,Training,T9,Festival gate,past perfect / present progressive or stative,N-E,"Mateo arrived at a music festival earlier tonight. Mateo's friends know he entered through either the north gate or the south gate, but no one saw him arrive.",Is it possible for Mateo to have entered through the south gate?,Which interpretation better matches what the speaker is talking about?,About whether Mateo entering through the south gate earlier was allowed by the rules or permissions,About whether Mateo entering through the south gate earlier is consistent with the available information,Expected non-deontic interpretation,Expected epistemic interpretation,Yes/no inversion,,8,About whether Mateo entering through the south gate earlier is consistent with the <span style='color:#C62828'>available information</span>,About whether Mateo entering through the south gate earlier was allowed by the <span style='color:#1565C0'>rules or permissions</span>,epistemic-deontic
18,Training,T10,Workshop equipment,future eventive,N-D,Ben is working in a community workshop tomorrow. Ben's safety certificate lists both the power drill and the laser cutter.,Which tool is it possible for Ben to use tomorrow?,Which interpretation better matches what the speaker is asking about?,About which tool him using tomorrow is allowed by the rules or permissions,About which tool him using tomorrow is consistent with the available information,Expected root/deontic interpretation,Expected non-epistemic interpretation,Wh-question,,8,About which tool him using tomorrow is consistent with the <span style='color:#C62828'>available information</span>,About which tool him using tomorrow is allowed by the <span style='color:#1565C0'>rules or permissions</span>,epistemic-deontic
19,Training,T10,Workshop equipment,past perfect / present progressive or stative,N-E,Ben is working in a community workshop right now. Ben's coworker knows his project uses either the power drill or the laser cutter but cannot see which machine he chose.,Which tool is it possible for Ben to be using now?,Which interpretation better matches what the speaker is asking about?,About which tool him using now is allowed by the rules or permissions,About which tool him using now is consistent with the available information,Expected non-deontic interpretation,Expected epistemic interpretation,Wh-question,,7,About which tool him using now is consistent with the <span style='color:#C62828'>available information</span>,About which tool him using now is allowed by the <span style='color:#1565C0'>rules or permissions</span>,epistemic-deontic
20,Training,T11,Community kitchen,future eventive,N-D,"Nina is volunteering at a community center tomorrow. Nina completed the food-safety course, which qualifies volunteers to work at both the preparation and cooking stations.",Is it possible for Nina to work at the cooking station tomorrow?,Which interpretation better matches what the speaker is talking about?,About whether Nina working at the cooking station tomorrow is allowed by the rules or permissions,About whether Nina working at the cooking station tomorrow is consistent with the available information,Expected root/deontic interpretation,Expected non-epistemic interpretation,Yes/no inversion,,7,About whether Nina working at the cooking station tomorrow is consistent with the <span style='color:#C62828'>available information</span>,About whether Nina working at the cooking station tomorrow is allowed by the <span style='color:#1565C0'>rules or permissions</span>,epistemic-deontic
21,Training,T11,Community kitchen,past perfect / present progressive or stative,N-E,Nina is volunteering at the community center right now. Nina's coordinator knows she was assigned either to food preparation or to cooking but has not checked which station she is at.,Is it possible for Nina to be working at the cooking station now?,Which interpretation better matches what the speaker is talking about?,About whether Nina working at the cooking station now is allowed by the rules or permissions,About whether Nina working at the cooking station now is consistent with the available information,Expected non-deontic interpretation,Expected epistemic interpretation,Yes/no inversion,,8,About whether Nina working at the cooking station now is consistent with the <span style='color:#C62828'>available information</span>,About whether Nina working at the cooking station now is allowed by the <span style='color:#1565C0'>rules or permissions</span>,epistemic-deontic
22,Training,T12,College lab,future eventive,N-D,Daniel is doing an experiment tomorrow. Daniel's new safety qualification covers both Lab A and Lab B.,It is possible for Daniel to work in Lab B tomorrow.,Which interpretation better matches what the speaker is talking about?,About whether Daniel working in Lab B tomorrow is allowed by the rules or permissions,About whether Daniel working in Lab B tomorrow is consistent with the available information,Expected root/deontic interpretation,Expected non-epistemic interpretation,Declarative,,8,About whether Daniel working in Lab B tomorrow is consistent with the <span style='color:#C62828'>available information</span>,About whether Daniel working in Lab B tomorrow is allowed by the <span style='color:#1565C0'>rules or permissions</span>,epistemic-deontic
23,Training,T12,College lab,past perfect / present progressive or stative,N-E,"Daniel is doing an experiment right now. Daniel's supervisor knows he is in either Lab A or Lab B, but the room log has not been updated.",It is possible for Daniel to be in Lab B now.,Which interpretation better matches what the speaker is talking about?,About whether Daniel being in Lab B now is allowed by the rules or permissions,About whether Daniel being in Lab B now is consistent with the available information,Expected non-deontic interpretation,Expected epistemic interpretation,Declarative,,7,About whether Daniel being in Lab B now is consistent with the <span style='color:#C62828'>available information</span>,About whether Daniel being in Lab B now is allowed by the <span style='color:#1565C0'>rules or permissions</span>,epistemic-deontic
24,Critical Test,C1,Zoo animal-care room,past perfect,N-E-D,"Aisha is photographing exhibits at the zoo for a biology assignment. Aisha's classmates lost track of her after lunch, and the hallway camera near the animal-care room is being serviced. The animal-care room is reserved for zoo staff, while Aisha has a regular visitor wristband.",It is possible for Aisha to have gone into the animal-care room.,Which interpretation better matches what the speaker is talking about?,About whether Aisha going into the animal-care room earlier was allowed by the rules or permissions,About whether Aisha going into the animal-care room earlier is consistent with the available information,,,,,7,About whether Aisha going into the animal-care room earlier is consistent with the <span style='color:#C62828'>available information</span>,About whether Aisha going into the animal-care room earlier was allowed by the <span style='color:#1565C0'>rules or permissions</span>,epistemic-deontic
25,Critical Test,C1,Zoo animal-care room,future eventive,D-N-E,"Aisha's volunteer credential permits her to work in the animal-care room. Aisha is volunteering at the zoo tomorrow as part of a conservation program. The finalized duty schedule assigns Aisha to the education kiosk for her entire shift, and her coordinator confirmed that assignment with her.",It is possible for Aisha to work in the animal-care room tomorrow.,Which interpretation better matches what the speaker is talking about?,About whether Aisha working in the animal-care room tomorrow is allowed by the rules or permissions,About whether Aisha working in the animal-care room tomorrow is consistent with the available information,,,,,8,About whether Aisha working in the animal-care room tomorrow is consistent with the <span style='color:#C62828'>available information</span>,About whether Aisha working in the animal-care room tomorrow is allowed by the <span style='color:#1565C0'>rules or permissions</span>,epistemic-deontic
26,Critical Test,C2,University observatory,present progressive,E-N-D,"The other club members cannot find Theo right now, and the control-room door sensor is temporarily offline. Theo is at the university observatory with the astronomy club tonight. The telescope control room is reserved for trained operators, and Theo has not completed the operator course.",It is possible for Theo to be working in the telescope control room now.,Which interpretation better matches what the speaker is talking about?,About whether Theo working in the telescope control room now is allowed by the rules or permissions,About whether Theo working in the telescope control room now is consistent with the available information,,,,,8,About whether Theo working in the telescope control room now is consistent with the <span style='color:#C62828'>available information</span>,About whether Theo working in the telescope control room now is allowed by the <span style='color:#1565C0'>rules or permissions</span>,epistemic-deontic
27,Critical Test,C2,University observatory,future eventive,N-E-D,"Theo is helping with a public astronomy night at the observatory tomorrow. The final volunteer roster assigns Theo to greet visitors at the entrance for the entire event, and he confirmed that shift. He completed the operator course last month, so he is authorized to use the telescope control room.",It is possible for Theo to work in the telescope control room tomorrow night.,Which interpretation better matches what the speaker is talking about?,About whether Theo working in the telescope control room tomorrow night is allowed by the rules or permissions,About whether Theo working in the telescope control room tomorrow night is consistent with the available information,,,,,7,About whether Theo working in the telescope control room tomorrow night is consistent with the <span style='color:#C62828'>available information</span>,About whether Theo working in the telescope control room tomorrow night is allowed by the <span style='color:#1565C0'>rules or permissions</span>,epistemic-deontic
28,Critical Test,C3,Student film studio,past perfect,D-N-E,"The sound-mixing suite is reserved for post-production staff, while Grace is registered as part of the camera crew. Grace spent the morning at a student film studio working on a documentary. The production log has a gap during the lunch break, and Grace's teammates do not know where she went.",It is possible for Grace to have gone into the sound-mixing suite.,Which interpretation better matches what the speaker is talking about?,About whether Grace going into the sound-mixing suite earlier was allowed by the rules or permissions,About whether Grace going into the sound-mixing suite earlier is consistent with the available information,,,,,7,About whether Grace going into the sound-mixing suite earlier is consistent with the <span style='color:#C62828'>available information</span>,About whether Grace going into the sound-mixing suite earlier was allowed by the <span style='color:#1565C0'>rules or permissions</span>,epistemic-deontic
29,Critical Test,C3,Student film studio,future eventive,E-N-D,"The locked shooting schedule assigns Grace to an outdoor location for the entire afternoon, and she confirmed the assignment today. Grace is returning to the film studio tomorrow for another production day. Grace has received an all-area crew badge that includes the sound-mixing suite.",It is possible for Grace to use the sound-mixing suite tomorrow afternoon.,Which interpretation better matches what the speaker is talking about?,About whether Grace using the sound-mixing suite tomorrow afternoon is allowed by the rules or permissions,About whether Grace using the sound-mixing suite tomorrow afternoon is consistent with the available information,,,,,8,About whether Grace using the sound-mixing suite tomorrow afternoon is consistent with the <span style='color:#C62828'>available information</span>,About whether Grace using the sound-mixing suite tomorrow afternoon is allowed by the <span style='color:#1565C0'>rules or permissions</span>,epistemic-deontic
30,Critical Test,C4,Hotel rooftop lounge,present stative,N-E-D,"Jordan is attending a conference at a downtown hotel today. Jordan's colleague cannot find them after lunch, and the elevator logs are unavailable during a system outage. The rooftop lounge is reserved for guests staying on the executive floors, while Jordan has a standard room.",It is possible for Jordan to be in the rooftop lounge now.,Which interpretation better matches what the speaker is talking about?,About whether Jordan being in the rooftop lounge now is allowed by the rules or permissions,About whether Jordan being in the rooftop lounge now is consistent with the available information,,,,,8,About whether Jordan being in the rooftop lounge now is consistent with the <span style='color:#C62828'>available information</span>,About whether Jordan being in the rooftop lounge now is allowed by the <span style='color:#1565C0'>rules or permissions</span>,epistemic-deontic
31,Critical Test,C4,Hotel rooftop lounge,future eventive,D-N-E,"The hotel upgraded Jordan to an executive-floor room, which includes use of the rooftop lounge. Jordan is staying at the same hotel for the conference tomorrow. Jordan's final conference program has them presenting throughout the lounge's afternoon opening hours, and the session chair confirmed the schedule.",It is possible for Jordan to sit in the rooftop lounge tomorrow afternoon.,Which interpretation better matches what the speaker is talking about?,About whether Jordan sitting in the rooftop lounge tomorrow afternoon is allowed by the rules or permissions,About whether Jordan sitting in the rooftop lounge tomorrow afternoon is consistent with the available information,,,,,7,About whether Jordan sitting in the rooftop lounge tomorrow afternoon is consistent with the <span style='color:#C62828'>available information</span>,About whether Jordan sitting in the rooftop lounge tomorrow afternoon is allowed by the <span style='color:#1565C0'>rules or permissions</span>,epistemic-deontic
32,Critical Test,C5,Aquatic center diving area,present progressive,E-N-D,"A teammate saw Chloe walking toward the diving area a few minutes ago, but nobody can see the platform from the pool deck. Chloe is at an aquatic center for swim-club practice this afternoon. The high diving board is reserved for Level 3 swimmers, while Chloe is currently certified at Level 2.",It is possible for Chloe to be using the high diving board now.,Which interpretation better matches what the speaker is talking about?,About whether Chloe using the high diving board now is allowed by the rules or permissions,About whether Chloe using the high diving board now is consistent with the available information,,,,,7,About whether Chloe using the high diving board now is consistent with the <span style='color:#C62828'>available information</span>,About whether Chloe using the high diving board now is allowed by the <span style='color:#1565C0'>rules or permissions</span>,epistemic-deontic
33,Critical Test,C5,Aquatic center diving area,future eventive,N-E-D,"Chloe is returning to the aquatic center for practice tomorrow. The coach's finalized practice plan assigns Chloe to lap swimming for the entire session, and Chloe acknowledged the plan. She passed the Level 3 test this week, so she is now cleared to use the high diving board.",It is possible for Chloe to use the high diving board tomorrow.,Which interpretation better matches what the speaker is talking about?,About whether Chloe using the high diving board tomorrow is allowed by the rules or permissions,About whether Chloe using the high diving board tomorrow is consistent with the available information,,,,,8,About whether Chloe using the high diving board tomorrow is consistent with the <span style='color:#C62828'>available information</span>,About whether Chloe using the high diving board tomorrow is allowed by the <span style='color:#1565C0'>rules or permissions</span>,epistemic-deontic
34,Critical Test,C6,Airport premium lounge,past perfect,D-N-E,"The premium lounge is reserved for business-class passengers, while Marcus was traveling on an economy ticket. Marcus spent several hours at the airport yesterday waiting for a delayed flight. Marcus's friends could not find him for part of the delay, and the lounge entry scanner was temporarily malfunctioning.",It is possible for Marcus to have waited in the premium lounge.,Which interpretation better matches what the speaker is talking about?,About whether Marcus waiting in the premium lounge earlier was allowed by the rules or permissions,About whether Marcus waiting in the premium lounge earlier is consistent with the available information,,,,,8,About whether Marcus waiting in the premium lounge earlier is consistent with the <span style='color:#C62828'>available information</span>,About whether Marcus waiting in the premium lounge earlier was allowed by the <span style='color:#1565C0'>rules or permissions</span>,epistemic-deontic
35,Critical Test,C6,Airport premium lounge,future eventive,E-N-D,"Marcus sent his family a detailed travel plan saying he will go directly from security to his gate, and he confirmed that he will not visit the lounge. Marcus is flying from the same airport again tomorrow. The airline upgraded Marcus to business class, so his ticket now includes the premium lounge.",It is possible for Marcus to wait in the premium lounge tomorrow.,Which interpretation better matches what the speaker is talking about?,About whether Marcus waiting in the premium lounge tomorrow is allowed by the rules or permissions,About whether Marcus waiting in the premium lounge tomorrow is consistent with the available information,,,,,7,About whether Marcus waiting in the premium lounge tomorrow is consistent with the <span style='color:#C62828'>available information</span>,About whether Marcus waiting in the premium lounge tomorrow is allowed by the <span style='color:#1565C0'>rules or permissions</span>,epistemic-deontic
36,Critical Test,C7,College radio station,present progressive,N-E-D,"Elena is visiting the college radio station for a journalism project. The host stepped away to take a phone call and does not know where Elena went, and the hallway camera is turned off. The live recording booth is reserved for station members, while Elena is signed in as a guest.",It is possible for Elena to be sitting in the live recording booth now.,Which interpretation better matches what the speaker is talking about?,About whether Elena sitting in the live recording booth now is allowed by the rules or permissions,About whether Elena sitting in the live recording booth now is consistent with the available information,,,,,7,About whether Elena sitting in the live recording booth now is consistent with the <span style='color:#C62828'>available information</span>,About whether Elena sitting in the live recording booth now is allowed by the <span style='color:#1565C0'>rules or permissions</span>,epistemic-deontic
37,Critical Test,C7,College radio station,future eventive,D-N-E,"Elena's intern badge permits her to use the live recording booth. Elena begins an internship at the radio station tomorrow. The finalized broadcast schedule assigns another intern to the booth and Elena to the front desk for the entire shift, and both assignments were confirmed.",It is possible for Elena to use the live recording booth tomorrow.,Which interpretation better matches what the speaker is talking about?,About whether Elena using the live recording booth tomorrow is allowed by the rules or permissions,About whether Elena using the live recording booth tomorrow is consistent with the available information,,,,,8,About whether Elena using the live recording booth tomorrow is consistent with the <span style='color:#C62828'>available information</span>,About whether Elena using the live recording booth tomorrow is allowed by the <span style='color:#1565C0'>rules or permissions</span>,epistemic-deontic
38,Critical Test,C8,Ski lodge tuning room,past perfect,E-N-D,"Ravi's friends last saw him near the service hallway, and the staff movement log is incomplete for that period. Ravi spent the morning at a ski lodge with several friends. The ski-tuning room is reserved for lodge employees, while Ravi has an ordinary day pass.",It is possible for Ravi to have gone into the ski-tuning room.,Which interpretation better matches what the speaker is talking about?,About whether Ravi going into the ski-tuning room earlier was allowed by the rules or permissions,About whether Ravi going into the ski-tuning room earlier is consistent with the available information,,,,,8,About whether Ravi going into the ski-tuning room earlier is consistent with the <span style='color:#C62828'>available information</span>,About whether Ravi going into the ski-tuning room earlier was allowed by the <span style='color:#1565C0'>rules or permissions</span>,epistemic-deontic
39,Critical Test,C8,Ski lodge tuning room,future eventive,N-E-D,"Ravi is volunteering at a ski race at the lodge tomorrow. The final duty roster assigns Ravi as a course marshal outdoors for the entire event, and he confirmed the assignment. His volunteer credential includes the ski-tuning room.",It is possible for Ravi to work in the ski-tuning room tomorrow.,Which interpretation better matches what the speaker is talking about?,About whether Ravi working in the ski-tuning room tomorrow is allowed by the rules or permissions,About whether Ravi working in the ski-tuning room tomorrow is consistent with the available information,,,,,7,About whether Ravi working in the ski-tuning room tomorrow is consistent with the <span style='color:#C62828'>available information</span>,About whether Ravi working in the ski-tuning room tomorrow is allowed by the <span style='color:#1565C0'>rules or permissions</span>,epistemic-deontic
40,Filler,F1,Ice rink warm-up studio,future eventive,D-N-E,"Tessa's clinic pass includes use of the warm-up studio. Tessa is taking part in a figure-skating clinic tomorrow. Tessa told her coach that she plans to practice there before the first session, and the schedule lists that warm-up period.",It is possible for Tessa to practice in the warm-up studio tomorrow morning.,Which interpretation better matches what the speaker is talking about?,About whether Tessa practicing in the warm-up studio tomorrow morning is allowed by the rules or permissions,About whether Tessa practicing in the warm-up studio tomorrow morning is consistent with the available information,,,,,7,About whether Tessa practicing in the warm-up studio tomorrow morning is consistent with the <span style='color:#C62828'>available information</span>,About whether Tessa practicing in the warm-up studio tomorrow morning is allowed by the <span style='color:#1565C0'>rules or permissions</span>,epistemic-deontic
41,Filler,F2,Cinema projection booth,past perfect,E-N-D,"Security footage shows Amir remained in the auditorium and lobby throughout the screening. Amir attended a film festival at a local cinema yesterday. The projection booth is restricted to cinema employees, while Amir had a standard festival ticket.",It is possible for Amir to have entered the projection booth.,Which interpretation better matches what the speaker is talking about?,About whether Amir entering the projection booth earlier was allowed by the rules or permissions,About whether Amir entering the projection booth earlier is consistent with the available information,,,,,8,About whether Amir entering the projection booth earlier is consistent with the <span style='color:#C62828'>available information</span>,About whether Amir entering the projection booth earlier was allowed by the <span style='color:#1565C0'>rules or permissions</span>,epistemic-deontic
42,Filler,F3,Bakery decorating station,present progressive,N-E-D,"Zoe is helping at a bakery fundraiser this afternoon. A coworker saw Zoe carry a tray of cupcakes to the decorating station a few minutes ago and has not seen her leave. She completed the bakery's food-handling orientation, which qualifies volunteers to use the decorating station.",It is possible for Zoe to be working at the decorating station now.,Which interpretation better matches what the speaker is talking about?,About whether Zoe working at the decorating station now is allowed by the rules or permissions,About whether Zoe working at the decorating station now is consistent with the available information,,,,,8,About whether Zoe working at the decorating station now is consistent with the <span style='color:#C62828'>available information</span>,About whether Zoe working at the decorating station now is allowed by the <span style='color:#1565C0'>rules or permissions</span>,epistemic-deontic
43,Filler,F4,Music school faculty practice room,future eventive,D-N-E,"The faculty practice room is reserved for instructors, while Henry is attending as a guest performer. Henry is attending a piano recital at a music school tomorrow. Henry's finalized recital schedule places him in the main hall throughout the only period when the faculty room is open, and he confirmed the schedule.",It is possible for Henry to practice in the faculty room tomorrow afternoon.,Which interpretation better matches what the speaker is talking about?,About whether Henry practicing in the faculty room tomorrow afternoon is allowed by the rules or permissions,About whether Henry practicing in the faculty room tomorrow afternoon is consistent with the available information,,,,,7,About whether Henry practicing in the faculty room tomorrow afternoon is consistent with the <span style='color:#C62828'>available information</span>,About whether Henry practicing in the faculty room tomorrow afternoon is allowed by the <span style='color:#1565C0'>rules or permissions</span>,epistemic-deontic
44,Filler,F5,Hotel conference suite,past perfect,E-N-D,"June's attendance badge was scanned at Suite B, and a colleague remembers sitting beside her there. June attended a professional workshop at a hotel yesterday. June's registration included the afternoon breakout session in Conference Suite B.",It is possible for June to have attended the session in Conference Suite B.,Which interpretation better matches what the speaker is talking about?,About whether June attending the session in Conference Suite B earlier was allowed by the rules or permissions,About whether June attending the session in Conference Suite B earlier is consistent with the available information,,,,,7,About whether June attending the session in Conference Suite B earlier is consistent with the <span style='color:#C62828'>available information</span>,About whether June attending the session in Conference Suite B earlier was allowed by the <span style='color:#1565C0'>rules or permissions</span>,epistemic-deontic
45,Filler,F6,Animal shelter medication room,present stative,N-E-D,"Samuel is visiting an animal shelter today to meet a cat he may adopt. A staff member has stayed with Samuel in the adoption room continuously since he arrived. The medication room is reserved for shelter employees and veterinarians, while Samuel is signed in as a visitor.",It is possible for Samuel to be in the medication room now.,Which interpretation better matches what the speaker is talking about?,About whether Samuel being in the medication room now is allowed by the rules or permissions,About whether Samuel being in the medication room now is consistent with the available information,,,,,8,About whether Samuel being in the medication room now is consistent with the <span style='color:#C62828'>available information</span>,About whether Samuel being in the medication room now is allowed by the <span style='color:#1565C0'>rules or permissions</span>,epistemic-deontic
46,Filler,F7,Kayak boathouse equipment bay,future eventive,D-N-E,"Leah's course registration includes use of the equipment bay. Leah is taking a kayaking course at a boathouse tomorrow. The instructor assigned Leah to pick up the group's paddles there before class, and Leah confirmed that task.",It is possible for Leah to go into the equipment bay tomorrow morning.,Which interpretation better matches what the speaker is talking about?,About whether Leah going into the equipment bay tomorrow morning is allowed by the rules or permissions,About whether Leah going into the equipment bay tomorrow morning is consistent with the available information,,,,,8,About whether Leah going into the equipment bay tomorrow morning is consistent with the <span style='color:#C62828'>available information</span>,About whether Leah going into the equipment bay tomorrow morning is allowed by the <span style='color:#1565C0'>rules or permissions</span>,epistemic-deontic
47,Filler,F8,Warehouse loading bay,past perfect,E-N-D,"Colin's escort log shows that he remained with the office tour group for the entire visit. Colin toured a distribution warehouse yesterday as part of an office visit. The loading bay is restricted to warehouse workers, while Colin had a visitor badge.",It is possible for Colin to have gone into the loading bay.,Which interpretation better matches what the speaker is talking about?,About whether Colin going into the loading bay earlier was allowed by the rules or permissions,About whether Colin going into the loading bay earlier is consistent with the available information,,,,,7,About whether Colin going into the loading bay earlier is consistent with the <span style='color:#C62828'>available information</span>,About whether Colin going into the loading bay earlier was allowed by the <span style='color:#1565C0'>rules or permissions</span>,epistemic-deontic
0,Training,T1,Museum entrance,future eventive,D-N,Lina has a green visitor badge that is valid at both the main entrance and the side entrance. Lina is visiting a history museum tomorrow for a class project.,It is possible for Lina to use the side entrance tomorrow.,Which interpretation better matches what the speaker is talking about?,About whether Lina using the side entrance tomorrow is allowed by the rules or permissions,About whether Lina using the side entrance tomorrow is consistent with the available information,Expected root/deontic interpretation,Expected non-epistemic interpretation,Declarative,,7,About whether Lina using the side entrance tomorrow is consistent with the <span style='color:#C62828'>available information</span>,About whether Lina using the side entrance tomorrow is allowed by the <span style='color:#1565C0'>rules or permissions</span>,epistemic-deontic
1,Training,T1,Museum entrance,past perfect / present progressive or stative,E-N,"Lina's classmate knows she entered through either the main entrance or the side entrance, but did not see which one. Lina visited a history museum this morning for a class project.",It is possible for Lina to have used the side entrance.,Which interpretation better matches what the speaker is talking about?,About whether Lina using the side entrance earlier was allowed by the rules or permissions,About whether Lina using the side entrance earlier is consistent with the available information,Expected non-deontic interpretation,Expected epistemic interpretation,Declarative,,8,About whether Lina using the side entrance earlier is consistent with the <span style='color:#C62828'>available information</span>,About whether Lina using the side entrance earlier was allowed by the <span style='color:#1565C0'>rules or permissions</span>,epistemic-deontic
2,Training,T2,Library rooms,future eventive,D-N,Priya's researcher card lists both the reading room and the map room. Priya is doing research at the library tomorrow.,Which room is it possible for Priya to work in tomorrow?,Which interpretation better matches what the speaker is asking about?,About which room her working in tomorrow is allowed by the rules or permissions,About which room her working in tomorrow is consistent with the available information,Expected root/deontic interpretation,Expected non-epistemic interpretation,Wh-question,,8,About which room her working in tomorrow is consistent with the <span style='color:#C62828'>available information</span>,About which room her working in tomorrow is allowed by the <span style='color:#1565C0'>rules or permissions</span>,epistemic-deontic
3,Training,T2,Library rooms,past perfect / present progressive or stative,E-N,Priya's classmate knows she is in either the reading room or the map room but has not found her yet. Priya is doing research at the library right now.,Which room is it possible for Priya to be working in now?,Which interpretation better matches what the speaker is asking about?,About which room her working in now is allowed by the rules or permissions,About which room her working in now is consistent with the available information,Expected non-deontic interpretation,Expected epistemic interpretation,Wh-question,,7,About which room her working in now is consistent with the <span style='color:#C62828'>available information</span>,About which room her working in now is allowed by the <span style='color:#1565C0'>rules or permissions</span>,epistemic-deontic
4,Training,T3,Community center,future eventive,D-N,Nora's membership includes both the swimming pool and the climbing area. Nora is going to the community center this afternoon.,It is possible for Nora to use the pool this afternoon.,Which interpretation better matches what the speaker is talking about?,About whether Nora using the pool this afternoon is allowed by the rules or permissions,About whether Nora using the pool this afternoon is consistent with the available information,Expected root/deontic interpretation,Expected non-epistemic interpretation,Declarative,,7,About whether Nora using the pool this afternoon is consistent with the <span style='color:#C62828'>available information</span>,About whether Nora using the pool this afternoon is allowed by the <span style='color:#1565C0'>rules or permissions</span>,epistemic-deontic
5,Training,T3,Community center,past perfect / present progressive or stative,E-N,"The front desk knows Nora chose either swimming or climbing, but her activity was not recorded. Nora is at the community center right now.",It is possible for Nora to be swimming now.,Which interpretation better matches what the speaker is talking about?,About whether Nora swimming now is allowed by the rules or permissions,About whether Nora swimming now is consistent with the available information,Expected non-deontic interpretation,Expected epistemic interpretation,Declarative,,8,About whether Nora swimming now is consistent with the <span style='color:#C62828'>available information</span>,About whether Nora swimming now is allowed by the <span style='color:#1565C0'>rules or permissions</span>,epistemic-deontic
6,Training,T4,Train,future eventive,D-N,Kai's flexible ticket is valid on both the 3:15 train and the 4:00 train. Kai is traveling home tomorrow.,Which train is it possible for Kai to take tomorrow?,Which interpretation better matches what the speaker is asking about?,About which train him taking tomorrow is allowed by the rules or permissions,About which train him taking tomorrow is consistent with the available information,Expected root/deontic interpretation,Expected non-epistemic interpretation,Wh-question,,8,About which train him taking tomorrow is consistent with the <span style='color:#C62828'>available information</span>,About which train him taking tomorrow is allowed by the <span style='color:#1565C0'>rules or permissions</span>,epistemic-deontic
7,Training,T4,Train,past perfect / present progressive or stative,E-N,Kai's friend knows he took either the 3:15 train or the 4:00 train but has not heard which one. Kai traveled home earlier today.,Which train is it possible for Kai to have taken?,Which interpretation better matches what the speaker is asking about?,About which train him having taken earlier is allowed by the rules or permissions,About which train him having taken earlier is consistent with the available information,Expected non-deontic interpretation,Expected epistemic interpretation,Wh-question,,7,About which train him having taken earlier is consistent with the <span style='color:#C62828'>available information</span>,About which train him having taken earlier is allowed by the <span style='color:#1565C0'>rules or permissions</span>,epistemic-deontic
8,Training,T5,Parking,future eventive,D-N,Omar's parking sticker covers both the north lot and the west lot. Omar is driving to a concert tomorrow.,Is it possible for Omar to park in the west lot tomorrow?,Which interpretation better matches what the speaker is talking about?,About whether Omar parking in the west lot tomorrow is allowed by the rules or permissions,About whether Omar parking in the west lot tomorrow is consistent with the available information,Expected root/deontic interpretation,Expected non-epistemic interpretation,Yes/no inversion,,7,About whether Omar parking in the west lot tomorrow is consistent with the <span style='color:#C62828'>available information</span>,About whether Omar parking in the west lot tomorrow is allowed by the <span style='color:#1565C0'>rules or permissions</span>,epistemic-deontic
9,Training,T5,Parking,past perfect / present progressive or stative,E-N,"Omar's friends know his car is in either the north lot or the west lot, but they have not located it yet. Omar drove to a concert earlier today.",Is it possible for Omar to be parked in the west lot now?,Which interpretation better matches what the speaker is talking about?,About whether Omar being parked in the west lot now is allowed by the rules or permissions,About whether Omar being parked in the west lot now is consistent with the available information,Expected non-deontic interpretation,Expected epistemic interpretation,Yes/no inversion,,8,About whether Omar being parked in the west lot now is consistent with the <span style='color:#C62828'>available information</span>,About whether Omar being parked in the west lot now is allowed by the <span style='color:#1565C0'>rules or permissions</span>,epistemic-deontic
10,Training,T6,Theater,future eventive,D-N,Maya's silver ticket is accepted in either the main-floor section or the balcony. Maya is going to a play tonight with her drama club.,Is it possible for Maya to sit in the balcony tonight?,Which interpretation better matches what the speaker is talking about?,About whether Maya sitting in the balcony tonight is allowed by the rules or permissions,About whether Maya sitting in the balcony tonight is consistent with the available information,Expected root/deontic interpretation,Expected non-epistemic interpretation,Yes/no inversion,,8,About whether Maya sitting in the balcony tonight is consistent with the <span style='color:#C62828'>available information</span>,About whether Maya sitting in the balcony tonight is allowed by the <span style='color:#1565C0'>rules or permissions</span>,epistemic-deontic
11,Training,T6,Theater,past perfect / present progressive or stative,E-N,Maya's friends know her seat is either on the main floor or in the balcony but cannot see her from where they are sitting. Maya is watching a play right now with her drama club.,Is it possible for Maya to be sitting in the balcony now?,Which interpretation better matches what the speaker is talking about?,About whether Maya sitting in the balcony now is allowed by the rules or permissions,About whether Maya sitting in the balcony now is consistent with the available information,Expected non-deontic interpretation,Expected epistemic interpretation,Yes/no inversion,,7,About whether Maya sitting in the balcony now is consistent with the <span style='color:#C62828'>available information</span>,About whether Maya sitting in the balcony now is allowed by the <span style='color:#1565C0'>rules or permissions</span>,epistemic-deontic
12,Training,T7,Art studio,future eventive,D-N,"Eli completed the advanced course last month, which qualifies him to use both the ceramics studio and the print room. Eli is taking an art workshop tomorrow.",It is possible for Eli to use the print room tomorrow.,Which interpretation better matches what the speaker is talking about?,About whether Eli using the print room tomorrow is allowed by the rules or permissions,About whether Eli using the print room tomorrow is consistent with the available information,Expected root/deontic interpretation,Expected non-epistemic interpretation,Declarative,,7,About whether Eli using the print room tomorrow is consistent with the <span style='color:#C62828'>available information</span>,About whether Eli using the print room tomorrow is allowed by the <span style='color:#1565C0'>rules or permissions</span>,epistemic-deontic
13,Training,T7,Art studio,past perfect / present progressive or stative,E-N,The instructor knows Eli spent the second half of class either in the ceramics studio or in the print room but does not remember which. Eli attended an art workshop this morning.,It is possible for Eli to have worked in the print room this morning.,Which interpretation better matches what the speaker is talking about?,About whether Eli working in the print room this morning was allowed by the rules or permissions,About whether Eli working in the print room this morning is consistent with the available information,Expected non-deontic interpretation,Expected epistemic interpretation,Declarative,,8,About whether Eli working in the print room this morning is consistent with the <span style='color:#C62828'>available information</span>,About whether Eli working in the print room this morning was allowed by the <span style='color:#1565C0'>rules or permissions</span>,epistemic-deontic
14,Training,T8,Ferry,future eventive,D-N,"Sofia's ticket is marked “all decks,” including both the lower and upper decks. Sofia is taking a ferry tomorrow for a family trip.",Which deck is it possible for Sofia to sit on tomorrow?,Which interpretation better matches what the speaker is asking about?,About which deck her sitting on tomorrow is allowed by the rules or permissions,About which deck her sitting on tomorrow is consistent with the available information,Expected root/deontic interpretation,Expected non-epistemic interpretation,Wh-question,,8,About which deck her sitting on tomorrow is consistent with the <span style='color:#C62828'>available information</span>,About which deck her sitting on tomorrow is allowed by the <span style='color:#1565C0'>rules or permissions</span>,epistemic-deontic
15,Training,T8,Ferry,past perfect / present progressive or stative,E-N,"Sofia's family knows she chose either the lower deck or the upper deck, but they have not found her yet. Sofia is on the ferry right now.",Which deck is it possible for Sofia to be sitting on now?,Which interpretation better matches what the speaker is asking about?,About which deck her sitting on now is allowed by the rules or permissions,About which deck her sitting on now is consistent with the available information,Expected non-deontic interpretation,Expected epistemic interpretation,Wh-question,,7,About which deck her sitting on now is consistent with the <span style='color:#C62828'>available information</span>,About which deck her sitting on now is allowed by the <span style='color:#1565C0'>rules or permissions</span>,epistemic-deontic
16,Training,T9,Festival gate,future eventive,D-N,Mateo's staff wristband is valid at both the north gate and the south gate. Mateo is going to a music festival tonight.,Is it possible for Mateo to enter through the south gate tonight?,Which interpretation better matches what the speaker is talking about?,About whether Mateo entering through the south gate tonight is allowed by the rules or permissions,About whether Mateo entering through the south gate tonight is consistent with the available information,Expected root/deontic interpretation,Expected non-epistemic interpretation,Yes/no inversion,,7,About whether Mateo entering through the south gate tonight is consistent with the <span style='color:#C62828'>available information</span>,About whether Mateo entering through the south gate tonight is allowed by the <span style='color:#1565C0'>rules or permissions</span>,epistemic-deontic
17,Training,T9,Festival gate,past perfect / present progressive or stative,E-N,"Mateo's friends know he entered through either the north gate or the south gate, but no one saw him arrive. Mateo arrived at a music festival earlier tonight.",Is it possible for Mateo to have entered through the south gate?,Which interpretation better matches what the speaker is talking about?,About whether Mateo entering through the south gate earlier was allowed by the rules or permissions,About whether Mateo entering through the south gate earlier is consistent with the available information,Expected non-deontic interpretation,Expected epistemic interpretation,Yes/no inversion,,8,About whether Mateo entering through the south gate earlier is consistent with the <span style='color:#C62828'>available information</span>,About whether Mateo entering through the south gate earlier was allowed by the <span style='color:#1565C0'>rules or permissions</span>,epistemic-deontic
18,Training,T10,Workshop equipment,future eventive,D-N,Ben's safety certificate lists both the power drill and the laser cutter. Ben is working in a community workshop tomorrow.,Which tool is it possible for Ben to use tomorrow?,Which interpretation better matches what the speaker is asking about?,About which tool him using tomorrow is allowed by the rules or permissions,About which tool him using tomorrow is consistent with the available information,Expected root/deontic interpretation,Expected non-epistemic interpretation,Wh-question,,8,About which tool him using tomorrow is consistent with the <span style='color:#C62828'>available information</span>,About which tool him using tomorrow is allowed by the <span style='color:#1565C0'>rules or permissions</span>,epistemic-deontic
19,Training,T10,Workshop equipment,past perfect / present progressive or stative,E-N,Ben's coworker knows his project uses either the power drill or the laser cutter but cannot see which machine he chose. Ben is working in a community workshop right now.,Which tool is it possible for Ben to be using now?,Which interpretation better matches what the speaker is asking about?,About which tool him using now is allowed by the rules or permissions,About which tool him using now is consistent with the available information,Expected non-deontic interpretation,Expected epistemic interpretation,Wh-question,,7,About which tool him using now is consistent with the <span style='color:#C62828'>available information</span>,About which tool him using now is allowed by the <span style='color:#1565C0'>rules or permissions</span>,epistemic-deontic
20,Training,T11,Community kitchen,future eventive,D-N,"Nina completed the food-safety course, which qualifies volunteers to work at both the preparation and cooking stations. Nina is volunteering at a community center tomorrow.",Is it possible for Nina to work at the cooking station tomorrow?,Which interpretation better matches what the speaker is talking about?,About whether Nina working at the cooking station tomorrow is allowed by the rules or permissions,About whether Nina working at the cooking station tomorrow is consistent with the available information,Expected root/deontic interpretation,Expected non-epistemic interpretation,Yes/no inversion,,7,About whether Nina working at the cooking station tomorrow is consistent with the <span style='color:#C62828'>available information</span>,About whether Nina working at the cooking station tomorrow is allowed by the <span style='color:#1565C0'>rules or permissions</span>,epistemic-deontic
21,Training,T11,Community kitchen,past perfect / present progressive or stative,E-N,Nina's coordinator knows she was assigned either to food preparation or to cooking but has not checked which station she is at. Nina is volunteering at the community center right now.,Is it possible for Nina to be working at the cooking station now?,Which interpretation better matches what the speaker is talking about?,About whether Nina working at the cooking station now is allowed by the rules or permissions,About whether Nina working at the cooking station now is consistent with the available information,Expected non-deontic interpretation,Expected epistemic interpretation,Yes/no inversion,,8,About whether Nina working at the cooking station now is consistent with the <span style='color:#C62828'>available information</span>,About whether Nina working at the cooking station now is allowed by the <span style='color:#1565C0'>rules or permissions</span>,epistemic-deontic
22,Training,T12,College lab,future eventive,D-N,Daniel's new safety qualification covers both Lab A and Lab B. Daniel is doing an experiment tomorrow.,It is possible for Daniel to work in Lab B tomorrow.,Which interpretation better matches what the speaker is talking about?,About whether Daniel working in Lab B tomorrow is allowed by the rules or permissions,About whether Daniel working in Lab B tomorrow is consistent with the available information,Expected root/deontic interpretation,Expected non-epistemic interpretation,Declarative,,8,About whether Daniel working in Lab B tomorrow is consistent with the <span style='color:#C62828'>available information</span>,About whether Daniel working in Lab B tomorrow is allowed by the <span style='color:#1565C0'>rules or permissions</span>,epistemic-deontic
23,Training,T12,College lab,past perfect / present progressive or stative,E-N,"Daniel's supervisor knows he is in either Lab A or Lab B, but the room log has not been updated. Daniel is doing an experiment right now.",It is possible for Daniel to be in Lab B now.,Which interpretation better matches what the speaker is talking about?,About whether Daniel being in Lab B now is allowed by the rules or permissions,About whether Daniel being in Lab B now is consistent with the available information,Expected non-deontic interpretation,Expected epistemic interpretation,Declarative,,7,About whether Daniel being in Lab B now is consistent with the <span style='color:#C62828'>available information</span>,About whether Daniel being in Lab B now is allowed by the <span style='color:#1565C0'>rules or permissions</span>,epistemic-deontic
24,Critical Test,C1,Zoo animal-care room,past perfect,E-D-N,"Aisha's classmates lost track of her after lunch, and the hallway camera near the animal-care room is being serviced. The animal-care room is reserved for zoo staff, while Aisha has a regular visitor wristband. Aisha is photographing exhibits at the zoo for a biology assignment.",It is possible for Aisha to have gone into the animal-care room.,Which interpretation better matches what the speaker is talking about?,About whether Aisha going into the animal-care room earlier was allowed by the rules or permissions,About whether Aisha going into the animal-care room earlier is consistent with the available information,,,,,7,About whether Aisha going into the animal-care room earlier is consistent with the <span style='color:#C62828'>available information</span>,About whether Aisha going into the animal-care room earlier was allowed by the <span style='color:#1565C0'>rules or permissions</span>,epistemic-deontic
25,Critical Test,C1,Zoo animal-care room,future eventive,N-D-E,"Aisha is volunteering at the zoo tomorrow as part of a conservation program. Aisha's volunteer credential permits her to work in the animal-care room. The finalized duty schedule assigns Aisha to the education kiosk for her entire shift, and her coordinator confirmed that assignment with her.",It is possible for Aisha to work in the animal-care room tomorrow.,Which interpretation better matches what the speaker is talking about?,About whether Aisha working in the animal-care room tomorrow is allowed by the rules or permissions,About whether Aisha working in the animal-care room tomorrow is consistent with the available information,,,,,8,About whether Aisha working in the animal-care room tomorrow is consistent with the <span style='color:#C62828'>available information</span>,About whether Aisha working in the animal-care room tomorrow is allowed by the <span style='color:#1565C0'>rules or permissions</span>,epistemic-deontic
26,Critical Test,C2,University observatory,present progressive,D-E-N,"The telescope control room is reserved for trained operators, and Theo has not completed the operator course. The other club members cannot find Theo right now, and the control-room door sensor is temporarily offline. Theo is at the university observatory with the astronomy club tonight.",It is possible for Theo to be working in the telescope control room now.,Which interpretation better matches what the speaker is talking about?,About whether Theo working in the telescope control room now is allowed by the rules or permissions,About whether Theo working in the telescope control room now is consistent with the available information,,,,,8,About whether Theo working in the telescope control room now is consistent with the <span style='color:#C62828'>available information</span>,About whether Theo working in the telescope control room now is allowed by the <span style='color:#1565C0'>rules or permissions</span>,epistemic-deontic
27,Critical Test,C2,University observatory,future eventive,E-D-N,"The final volunteer roster assigns Theo to greet visitors at the entrance for the entire event, and he confirmed that shift. He completed the operator course last month, so he is authorized to use the telescope control room. Theo is helping with a public astronomy night at the observatory tomorrow.",It is possible for Theo to work in the telescope control room tomorrow night.,Which interpretation better matches what the speaker is talking about?,About whether Theo working in the telescope control room tomorrow night is allowed by the rules or permissions,About whether Theo working in the telescope control room tomorrow night is consistent with the available information,,,,,7,About whether Theo working in the telescope control room tomorrow night is consistent with the <span style='color:#C62828'>available information</span>,About whether Theo working in the telescope control room tomorrow night is allowed by the <span style='color:#1565C0'>rules or permissions</span>,epistemic-deontic
28,Critical Test,C3,Student film studio,past perfect,N-D-E,"Grace spent the morning at a student film studio working on a documentary. The sound-mixing suite is reserved for post-production staff, while Grace is registered as part of the camera crew. The production log has a gap during the lunch break, and Grace's teammates do not know where she went.",It is possible for Grace to have gone into the sound-mixing suite.,Which interpretation better matches what the speaker is talking about?,About whether Grace going into the sound-mixing suite earlier was allowed by the rules or permissions,About whether Grace going into the sound-mixing suite earlier is consistent with the available information,,,,,7,About whether Grace going into the sound-mixing suite earlier is consistent with the <span style='color:#C62828'>available information</span>,About whether Grace going into the sound-mixing suite earlier was allowed by the <span style='color:#1565C0'>rules or permissions</span>,epistemic-deontic
29,Critical Test,C3,Student film studio,future eventive,D-E-N,"Grace has received an all-area crew badge that includes the sound-mixing suite. The locked shooting schedule assigns Grace to an outdoor location for the entire afternoon, and she confirmed the assignment today. Grace is returning to the film studio tomorrow for another production day.",It is possible for Grace to use the sound-mixing suite tomorrow afternoon.,Which interpretation better matches what the speaker is talking about?,About whether Grace using the sound-mixing suite tomorrow afternoon is allowed by the rules or permissions,About whether Grace using the sound-mixing suite tomorrow afternoon is consistent with the available information,,,,,8,About whether Grace using the sound-mixing suite tomorrow afternoon is consistent with the <span style='color:#C62828'>available information</span>,About whether Grace using the sound-mixing suite tomorrow afternoon is allowed by the <span style='color:#1565C0'>rules or permissions</span>,epistemic-deontic
30,Critical Test,C4,Hotel rooftop lounge,present stative,E-D-N,"Jordan's colleague cannot find them after lunch, and the elevator logs are unavailable during a system outage. The rooftop lounge is reserved for guests staying on the executive floors, while Jordan has a standard room. Jordan is attending a conference at a downtown hotel today.",It is possible for Jordan to be in the rooftop lounge now.,Which interpretation better matches what the speaker is talking about?,About whether Jordan being in the rooftop lounge now is allowed by the rules or permissions,About whether Jordan being in the rooftop lounge now is consistent with the available information,,,,,8,About whether Jordan being in the rooftop lounge now is consistent with the <span style='color:#C62828'>available information</span>,About whether Jordan being in the rooftop lounge now is allowed by the <span style='color:#1565C0'>rules or permissions</span>,epistemic-deontic
31,Critical Test,C4,Hotel rooftop lounge,future eventive,N-D-E,"Jordan is staying at the same hotel for the conference tomorrow. The hotel upgraded Jordan to an executive-floor room, which includes use of the rooftop lounge. Jordan's final conference program has them presenting throughout the lounge's afternoon opening hours, and the session chair confirmed the schedule.",It is possible for Jordan to sit in the rooftop lounge tomorrow afternoon.,Which interpretation better matches what the speaker is talking about?,About whether Jordan sitting in the rooftop lounge tomorrow afternoon is allowed by the rules or permissions,About whether Jordan sitting in the rooftop lounge tomorrow afternoon is consistent with the available information,,,,,7,About whether Jordan sitting in the rooftop lounge tomorrow afternoon is consistent with the <span style='color:#C62828'>available information</span>,About whether Jordan sitting in the rooftop lounge tomorrow afternoon is allowed by the <span style='color:#1565C0'>rules or permissions</span>,epistemic-deontic
32,Critical Test,C5,Aquatic center diving area,present progressive,D-E-N,"The high diving board is reserved for Level 3 swimmers, while Chloe is currently certified at Level 2. A teammate saw Chloe walking toward the diving area a few minutes ago, but nobody can see the platform from the pool deck. Chloe is at an aquatic center for swim-club practice this afternoon.",It is possible for Chloe to be using the high diving board now.,Which interpretation better matches what the speaker is talking about?,About whether Chloe using the high diving board now is allowed by the rules or permissions,About whether Chloe using the high diving board now is consistent with the available information,,,,,7,About whether Chloe using the high diving board now is consistent with the <span style='color:#C62828'>available information</span>,About whether Chloe using the high diving board now is allowed by the <span style='color:#1565C0'>rules or permissions</span>,epistemic-deontic
33,Critical Test,C5,Aquatic center diving area,future eventive,E-D-N,"The coach's finalized practice plan assigns Chloe to lap swimming for the entire session, and Chloe acknowledged the plan. She passed the Level 3 test this week, so she is now cleared to use the high diving board. Chloe is returning to the aquatic center for practice tomorrow.",It is possible for Chloe to use the high diving board tomorrow.,Which interpretation better matches what the speaker is talking about?,About whether Chloe using the high diving board tomorrow is allowed by the rules or permissions,About whether Chloe using the high diving board tomorrow is consistent with the available information,,,,,8,About whether Chloe using the high diving board tomorrow is consistent with the <span style='color:#C62828'>available information</span>,About whether Chloe using the high diving board tomorrow is allowed by the <span style='color:#1565C0'>rules or permissions</span>,epistemic-deontic
34,Critical Test,C6,Airport premium lounge,past perfect,N-D-E,"Marcus spent several hours at the airport yesterday waiting for a delayed flight. The premium lounge is reserved for business-class passengers, while Marcus was traveling on an economy ticket. Marcus's friends could not find him for part of the delay, and the lounge entry scanner was temporarily malfunctioning.",It is possible for Marcus to have waited in the premium lounge.,Which interpretation better matches what the speaker is talking about?,About whether Marcus waiting in the premium lounge earlier was allowed by the rules or permissions,About whether Marcus waiting in the premium lounge earlier is consistent with the available information,,,,,8,About whether Marcus waiting in the premium lounge earlier is consistent with the <span style='color:#C62828'>available information</span>,About whether Marcus waiting in the premium lounge earlier was allowed by the <span style='color:#1565C0'>rules or permissions</span>,epistemic-deontic
35,Critical Test,C6,Airport premium lounge,future eventive,D-E-N,"The airline upgraded Marcus to business class, so his ticket now includes the premium lounge. Marcus sent his family a detailed travel plan saying he will go directly from security to his gate, and he confirmed that he will not visit the lounge. Marcus is flying from the same airport again tomorrow.",It is possible for Marcus to wait in the premium lounge tomorrow.,Which interpretation better matches what the speaker is talking about?,About whether Marcus waiting in the premium lounge tomorrow is allowed by the rules or permissions,About whether Marcus waiting in the premium lounge tomorrow is consistent with the available information,,,,,7,About whether Marcus waiting in the premium lounge tomorrow is consistent with the <span style='color:#C62828'>available information</span>,About whether Marcus waiting in the premium lounge tomorrow is allowed by the <span style='color:#1565C0'>rules or permissions</span>,epistemic-deontic
36,Critical Test,C7,College radio station,present progressive,E-D-N,"The host stepped away to take a phone call and does not know where Elena went, and the hallway camera is turned off. The live recording booth is reserved for station members, while Elena is signed in as a guest. Elena is visiting the college radio station for a journalism project.",It is possible for Elena to be sitting in the live recording booth now.,Which interpretation better matches what the speaker is talking about?,About whether Elena sitting in the live recording booth now is allowed by the rules or permissions,About whether Elena sitting in the live recording booth now is consistent with the available information,,,,,7,About whether Elena sitting in the live recording booth now is consistent with the <span style='color:#C62828'>available information</span>,About whether Elena sitting in the live recording booth now is allowed by the <span style='color:#1565C0'>rules or permissions</span>,epistemic-deontic
37,Critical Test,C7,College radio station,future eventive,N-D-E,"Elena begins an internship at the radio station tomorrow. Elena's intern badge permits her to use the live recording booth. The finalized broadcast schedule assigns another intern to the booth and Elena to the front desk for the entire shift, and both assignments were confirmed.",It is possible for Elena to use the live recording booth tomorrow.,Which interpretation better matches what the speaker is talking about?,About whether Elena using the live recording booth tomorrow is allowed by the rules or permissions,About whether Elena using the live recording booth tomorrow is consistent with the available information,,,,,8,About whether Elena using the live recording booth tomorrow is consistent with the <span style='color:#C62828'>available information</span>,About whether Elena using the live recording booth tomorrow is allowed by the <span style='color:#1565C0'>rules or permissions</span>,epistemic-deontic
38,Critical Test,C8,Ski lodge tuning room,past perfect,D-E-N,"The ski-tuning room is reserved for lodge employees, while Ravi has an ordinary day pass. Ravi's friends last saw him near the service hallway, and the staff movement log is incomplete for that period. Ravi spent the morning at a ski lodge with several friends.",It is possible for Ravi to have gone into the ski-tuning room.,Which interpretation better matches what the speaker is talking about?,About whether Ravi going into the ski-tuning room earlier was allowed by the rules or permissions,About whether Ravi going into the ski-tuning room earlier is consistent with the available information,,,,,8,About whether Ravi going into the ski-tuning room earlier is consistent with the <span style='color:#C62828'>available information</span>,About whether Ravi going into the ski-tuning room earlier was allowed by the <span style='color:#1565C0'>rules or permissions</span>,epistemic-deontic
39,Critical Test,C8,Ski lodge tuning room,future eventive,E-D-N,"The final duty roster assigns Ravi as a course marshal outdoors for the entire event, and he confirmed the assignment. His volunteer credential includes the ski-tuning room. Ravi is volunteering at a ski race at the lodge tomorrow.",It is possible for Ravi to work in the ski-tuning room tomorrow.,Which interpretation better matches what the speaker is talking about?,About whether Ravi working in the ski-tuning room tomorrow is allowed by the rules or permissions,About whether Ravi working in the ski-tuning room tomorrow is consistent with the available information,,,,,7,About whether Ravi working in the ski-tuning room tomorrow is consistent with the <span style='color:#C62828'>available information</span>,About whether Ravi working in the ski-tuning room tomorrow is allowed by the <span style='color:#1565C0'>rules or permissions</span>,epistemic-deontic
40,Filler,F1,Ice rink warm-up studio,future eventive,N-D-E,"Tessa is taking part in a figure-skating clinic tomorrow. Tessa's clinic pass includes use of the warm-up studio. Tessa told her coach that she plans to practice there before the first session, and the schedule lists that warm-up period.",It is possible for Tessa to practice in the warm-up studio tomorrow morning.,Which interpretation better matches what the speaker is talking about?,About whether Tessa practicing in the warm-up studio tomorrow morning is allowed by the rules or permissions,About whether Tessa practicing in the warm-up studio tomorrow morning is consistent with the available information,,,,,7,About whether Tessa practicing in the warm-up studio tomorrow morning is consistent with the <span style='color:#C62828'>available information</span>,About whether Tessa practicing in the warm-up studio tomorrow morning is allowed by the <span style='color:#1565C0'>rules or permissions</span>,epistemic-deontic
41,Filler,F2,Cinema projection booth,past perfect,D-E-N,"The projection booth is restricted to cinema employees, while Amir had a standard festival ticket. Security footage shows Amir remained in the auditorium and lobby throughout the screening. Amir attended a film festival at a local cinema yesterday.",It is possible for Amir to have entered the projection booth.,Which interpretation better matches what the speaker is talking about?,About whether Amir entering the projection booth earlier was allowed by the rules or permissions,About whether Amir entering the projection booth earlier is consistent with the available information,,,,,8,About whether Amir entering the projection booth earlier is consistent with the <span style='color:#C62828'>available information</span>,About whether Amir entering the projection booth earlier was allowed by the <span style='color:#1565C0'>rules or permissions</span>,epistemic-deontic
42,Filler,F3,Bakery decorating station,present progressive,E-D-N,"A coworker saw Zoe carry a tray of cupcakes to the decorating station a few minutes ago and has not seen her leave. She completed the bakery's food-handling orientation, which qualifies volunteers to use the decorating station. Zoe is helping at a bakery fundraiser this afternoon.",It is possible for Zoe to be working at the decorating station now.,Which interpretation better matches what the speaker is talking about?,About whether Zoe working at the decorating station now is allowed by the rules or permissions,About whether Zoe working at the decorating station now is consistent with the available information,,,,,8,About whether Zoe working at the decorating station now is consistent with the <span style='color:#C62828'>available information</span>,About whether Zoe working at the decorating station now is allowed by the <span style='color:#1565C0'>rules or permissions</span>,epistemic-deontic
43,Filler,F4,Music school faculty practice room,future eventive,N-D-E,"Henry is attending a piano recital at a music school tomorrow. The faculty practice room is reserved for instructors, while Henry is attending as a guest performer. Henry's finalized recital schedule places him in the main hall throughout the only period when the faculty room is open, and he confirmed the schedule.",It is possible for Henry to practice in the faculty room tomorrow afternoon.,Which interpretation better matches what the speaker is talking about?,About whether Henry practicing in the faculty room tomorrow afternoon is allowed by the rules or permissions,About whether Henry practicing in the faculty room tomorrow afternoon is consistent with the available information,,,,,7,About whether Henry practicing in the faculty room tomorrow afternoon is consistent with the <span style='color:#C62828'>available information</span>,About whether Henry practicing in the faculty room tomorrow afternoon is allowed by the <span style='color:#1565C0'>rules or permissions</span>,epistemic-deontic
44,Filler,F5,Hotel conference suite,past perfect,D-E-N,"June's registration included the afternoon breakout session in Conference Suite B. June's attendance badge was scanned at Suite B, and a colleague remembers sitting beside her there. June attended a professional workshop at a hotel yesterday.",It is possible for June to have attended the session in Conference Suite B.,Which interpretation better matches what the speaker is talking about?,About whether June attending the session in Conference Suite B earlier was allowed by the rules or permissions,About whether June attending the session in Conference Suite B earlier is consistent with the available information,,,,,7,About whether June attending the session in Conference Suite B earlier is consistent with the <span style='color:#C62828'>available information</span>,About whether June attending the session in Conference Suite B earlier was allowed by the <span style='color:#1565C0'>rules or permissions</span>,epistemic-deontic
45,Filler,F6,Animal shelter medication room,present stative,E-D-N,"A staff member has stayed with Samuel in the adoption room continuously since he arrived. The medication room is reserved for shelter employees and veterinarians, while Samuel is signed in as a visitor. Samuel is visiting an animal shelter today to meet a cat he may adopt.",It is possible for Samuel to be in the medication room now.,Which interpretation better matches what the speaker is talking about?,About whether Samuel being in the medication room now is allowed by the rules or permissions,About whether Samuel being in the medication room now is consistent with the available information,,,,,8,About whether Samuel being in the medication room now is consistent with the <span style='color:#C62828'>available information</span>,About whether Samuel being in the medication room now is allowed by the <span style='color:#1565C0'>rules or permissions</span>,epistemic-deontic
46,Filler,F7,Kayak boathouse equipment bay,future eventive,N-D-E,"Leah is taking a kayaking course at a boathouse tomorrow. Leah's course registration includes use of the equipment bay. The instructor assigned Leah to pick up the group's paddles there before class, and Leah confirmed that task.",It is possible for Leah to go into the equipment bay tomorrow morning.,Which interpretation better matches what the speaker is talking about?,About whether Leah going into the equipment bay tomorrow morning is allowed by the rules or permissions,About whether Leah going into the equipment bay tomorrow morning is consistent with the available information,,,,,8,About whether Leah going into the equipment bay tomorrow morning is consistent with the <span style='color:#C62828'>available information</span>,About whether Leah going into the equipment bay tomorrow morning is allowed by the <span style='color:#1565C0'>rules or permissions</span>,epistemic-deontic
47,Filler,F8,Warehouse loading bay,past perfect,D-E-N,"The loading bay is restricted to warehouse workers, while Colin had a visitor badge. Colin's escort log shows that he remained with the office tour group for the entire visit. Colin toured a distribution warehouse yesterday as part of an office visit.",It is possible for Colin to have gone into the loading bay.,Which interpretation better matches what the speaker is talking about?,About whether Colin going into the loading bay earlier was allowed by the rules or permissions,About whether Colin going into the loading bay earlier is consistent with the available information,,,,,7,About whether Colin going into the loading bay earlier is consistent with the <span style='color:#C62828'>available information</span>,About whether Colin going into the loading bay earlier was allowed by the <span style='color:#1565C0'>rules or permissions</span>,epistemic-deontic
